product_id,name,template_serial_number,dimensions,final_price,category
1,3913 PRINTY LITTLE FELL AZUL C.N 58x22mm,60326,,185.51,"Texto , Printy , 3913 , Little fellow"
1,3913 PRINTY LITTLE FELL ROJO C.N 58x22mm,60283,,185.51,"Texto , Printy , 3913 , Little fellow"
1,43132 PRINTY FECH 3.0 ROJO 32x32mm 56789,73000162,,850.4,"Texto , Printy , 43132 , 3"
1,4642 PRINTY 4.0 AZUL CIELO C.NEGRO 42mm,166970,,504.63,"Texto , Printy , 4642 , 4"
1,4642 PRINTY 4.0 C. GRIS C. NEGRO 42mm,167053,,504.63,"Texto , Printy , 4642 , 4"
1,4642 PRINTY 4.0 C. NEGRO C. NEGRO 42mm,166684,,504.63,"Texto , Printy , 4642 , 4"
1,4642 PRINTY 4.0 C. ROJO C. NEGRO 42mm,167322,,504.63,"Texto , Printy , 4642 , 4"
1,4645 PRINTY 4.0 C. AZUL C. NEGRO 45mm,171372,,518.36,"Texto , Printy , 4645 , 4"
1,4645 PRINTY 4.0 C. NEGRO C. NEGRO 45mm,171327,,10,"Texto , Printy , 4645 , 4"
1,4645 PRINTY 4.0 C. GRIS C. NEGRO 45mm,171469,,518.36,"Texto , Printy , 4645 , 4"
1,4645 PRINTY 4.0 C. ROJO C. NEGRO 45mm,171416,,518.36,"Texto , Printy , 4645 , 4"
1,4822 PRINTY FORMU TEXTO 4.0 NEG C.N 4mm,74032,,424.05,"Texto , Printy , 4822 , Formulario"
1,4908 PRINTY 3.0 NEGRO C. NEGRO 15x07mm,99519,,251.34,"Texto , Printy , 4908 , 3"
1,4908 PRINTY 3.0 C. ROJO C. NEGRO 15x07mm,3525,,251.34,"Texto , Printy , 4908 , 3"
1,4908 PRINTY 3.0 AMARILLO C.NEGRO 15x07mm,73000172,,251.34,"Texto , Printy , 4908 , 3"
1,4910 PRINTY 4.0 CREMA PASTEL C.NEG26x9mm,180317,,271.94,"Texto , Printy , 4910 , 4"
1,4910 IDEAL 2.0 C. AZULC. NEGRO 27x19mm,202650,,133.66,"Texto , Ideal , 4910 , 2"
1,4910 IDEAL 2.0 C. NEGRO C. NEGRO 27x19mm,202647,,133.66,"Texto , Ideal , 4910 , 2"
1,4910 IDEAL 2.0 C. ROJO C. NEGRO 27x19mm,202673,,133.66,"Texto , Ideal , 4910 , 2"
1,4910 PRINTY 4.0 C.AZUL PASTEL C.N 26x9mm,180316,,271.94,"Texto , Printy , 4910 , 4"
1,4910 PRINTY 4.0 ROSA PASTEL C.NEG 26x9mm,180314,,271.94,"Texto , Printy , 4910 , 4"
1,4910 PRINTY 4.0 VERDE PASTEL C.N 26x9mm,180313,,271.94,"Texto , Printy , 4910 , 4"
1,4911 IDEAL 2.0 C. NEGRO C. NEGRO 38x14mm,202676,,142.73,"Texto , Ideal , 4911 , 2"
1,4911 IDEAL 2.0 C.ROJO C.NEGRO 38x14mm,202682,,142.73,"Texto , Ideal , 4911 , 2"
1,4911 PRINTY 4.0 ROJO C.N 38x14mm S/TAPA,43086,,232.34,"Texto , Printy , 4911 , 4"
1,4911 IDEAL 2.0 C.AZUL C.NEGRO 38x14mm,202679,,142.73,"Texto , Ideal , 4911 , 2"
1,4911 PRINTY 4.0 AZUL PASTEL C.N 38x14mm,155405,,290.42,"Texto , Printy , 4911 , 4"
1,4911 PRINTY 4.0 CREMA PASTEL C.N 38x14mm,155407,,290.42,"Texto , Printy , 4911 , 4"
1,4911 PRINTY 4.0 ROSA PASTEL C.N 38x14mm,155409,,290.42,"Texto , Printy , 4911 , 4"
1,4911 PRINTY 4.0 VERDE PASTEL C.N 38x14mm,155408,,290.42,"Texto , Printy , 4911 , 4"
1,4912 IDEAL 2.0 C. ROJO C. NEGRO 47x18mm,202691,,174.35,"Texto , Ideal , 4912 , 2"
1,4912 IDEAL 2.0 C. NEGRO C. NEGRO 47x18mm,202685,,174.35,"Texto , Ideal , 4912 , 2"
1,4912 PRINTY 2.0 C.ROJO C.NEGRO 47x18mm,61826,,174.35,"Texto , Printy , 4912 , 2"
1,4912 PRINTY 2.0 C.ROJO SIN CARTU 47x18mm,152912,,103.96,"Texto , Printy , 4912 , 2"
1,4912 PRINTY P DATOS 4.0 C.G C.N 47x18mm,73000174,,408.32,"Texto , Printy , 4912 , 4"
1,4912 PRINTY 4.0 AZUL PASTEL C.N 47x18mm,180276,,354.82,"Texto , Printy , 4912 , 4"
1,4912 PRINTY 4.0 CREMA PASTEL C.N 47x18mm,180274,,354.82,"Texto , Printy , 4912 , 4"
1,4912 PRINTY 4.0 ROSA PASTEL C.N 47x18mm,180277,,354.82,"Texto , Printy , 4912 , 4"
1,4912 PRINTY 4.0 VERDE PASTEL C.N 47x18mm,180275,,354.82,"Texto , Printy , 4912 , 4"
1,4913 PRINTY 4.0 AZUL PASTEL C.N 58x22mm,180445,,425.26,"Texto , Printy , 4913 , 4"
1,4913 PRINTY 4.0 CREMA PASTEL C.N 58x22mm,180446,,425.26,"Texto , Printy , 4913 , 4"
1,4913 IDEAL 2.0 C. NEGRO C. NEGRO 58x22mm,202694,,198.36,"Texto , Ideal , 4913 , 2"
1,4913 PRINTY 2.0 AZUL S/CARTUCHO 58x22mm,152914,,198.36,"Texto , Printy , 4913 , 2"
1,4913 PRINTY 2.0 NEGRO S/CARTUCHO 58x22mm,152913,,198.36,"Texto , Printy , 4913 , 2"
1,4913 PRINTY 2.0 ROJO S/CARTUCHO 58x22mm,152915,,198.36,"Texto , Printy , 4913 , 2"
1,4913 PRINTY 4.0 ROSA PASTEL C.N 58x22mm,180448,,425.26,"Texto , Printy , 4913 , 4"
1,4913 PRINTY 4.0 VERDE PASTEL C.N 58x22mm,180447,,425.26,"Texto , Printy , 4913 , 4"
1,4914 PRINTY 4.0 AZUL PASTEL C.N 64x26mm,189294,,530.39,"Texto , Printy , 4914 , 4"
1,4914 PRINTY 4.0 CREMA PASTEL C.N 64x26mm,189277,,530.39,"Texto , Printy , 4914 , 4"
1,4914 PRINTY 4.0 ROSA PASTEL C.N 64x26mm,189280,,530.39,"Texto , Printy , 4914 , 4"
1,4914 PRINTY 4.0 VERDE PASTEL C.N 64x26mm,189293,,530.39,"Texto , Printy , 4914 , 4"
1,4915 PRINTY 4.0 AZUL PASTEL C.N 70x25mm,189328,,550.53,"Texto , Printy , 4915 , 4"
1,4915 PRINTY 4.0 CREMA PASTEL C.N 70x25mm,189325,,550.53,"Texto , Printy , 4915 , 4"
1,4915 PRINTY 2.0 NEGRO SIN CART 70x25mm,153886,,294.61,"Texto , Printy , 4915 , 2"
1,4915 PRINTY 2.0 C. ROJO C. NEGRO 70x25mm,118349,,294.61,"Texto , Printy , 4915 , 2"
1,4915 PRINTY 4.0 ROSA PASTEL C.N 70x25mm,189326,,550.53,"Texto , Printy , 4915 , 4"
1,4915 PRINTY 4.0 VERDE PASTEL C.N 70x25mm,189327,,550.53,"Texto , Printy , 4915 , 4"
1,4916 PRINTY 2.0 C.NEGRO C.NEGRO 70x10mm,72642,,497.31,"Texto , Printy , 4916 , 2"
1,4924 PRINTY 4.0 C.NEGRO C.NEGRO 40x40mm,176685,,657.48,"Texto , Printy , 4924 , 4"
1,4924 PRINTY 2.0 C.NEGRO C.NEGRO 40x40mm,177194,,,"Texto , Printy , 4924 , 2"
1,4926 PRINTY 4.0 C. AZUL C. NEGRO 75x38mm,166366,,601.65,"Texto , Printy , 4926 , 4"
1,4926 PRINTY 4.0 C. GRIS C. NEGRO 75x38mm,166324,,601.65,"Texto , Printy , 4926 , 4"
1,4926 PRINTY 4.0 C.NEGRO C.NEGRO 75x38mm,165872,,601.65,"Texto , Printy , 4926 , 4"
1,4926 PRINTY 4.0 C. ROJO C. NEGRO 75x38mm,166367,,601.65,"Texto , Printy , 4926 , 4"
1,4926 PRINTY 2.0 C.NEGRO C.NEGRO 75x38mm,166990,,388.51,"Texto , Printy , 4926 , 2"
1,4927 PRINTY 4.0 C.NEGRO C.NEGRO 60x40mm,187447,,592.93,"Texto , Printy , 4927 , 4"
1,4927 PRINTY 4.0 C. ROJO C. NEGRO 60x40mm,187936,,592.93,"Texto , Printy , 4927 , 4"
1,4941 PRINTY 4.0 C.NEGRO C.NEGRO 41x24mm,139924,,611.57,"Texto , Printy , 4941 , 4"
1,5200 PROF 4.0 METAL C.NEGRO 41x24mm,121366,,1345.58,"Texto , Professional , 5200 , 4"
1,5203 PROFESSIONAL 3.0 NEG C.NEG 49x28mm,74277,,1584.58,"Texto , Professional , 5203 , 3"
1,5203 PROF 4.0 METAL C. NEGRO 49x28mm,120074,,1584.58,"Texto , Professional , 5203 , 4"
1,5204 PROF 4.0 METAL C. NEGRO 56x26mm,119718,,1786.17,"Texto , Professional , 5204 , 4"
1,52045 PROF 4.0 METAL C. NEGRO 45mm,150746,,1953.58,"Texto , Professional , 52045 , 4"
1,5206 PROF 4.0 METAL C. NEGRO 56x33mm,119722,,1863.78,"Texto , Professional , 5206 , 4"
1,5208 PROF 4.0 METAL C.NEGRO 68x47mm,140270,,2502.86,"Texto , Professional , 5208 , 4"
1,5212 PROF 3.0 NEGRO C.NEGRO 116x70mm,103267,,5017.73,"Texto , Professional , 5212 , 3"
1,5253/DB PROF TYPO 4.0 METAL C.N 49x28mm,120453,,3148.04,"Texto , Professional , 5253/DB , 4"
1,5274 PROF 4.0 METAL C.NEGRO 60x40mm,140268,,1822.14,"Texto , Professional , 5274 , 4"
1,4907 PRINTY 4.0 NEGRO C.NEGRO 13x06mm,73000171,,271.65,"Texto , Printy , 4907 , 4"
1,8910 IMPRINT 111430 AZUL C.NEGRO 26x9mm,73000067,,184.91,"Texto , Imprint , 8910 , Imprint"
1,8910 IMPRINT 111180 NEGRO C.NEGRO 26x9mm,73000066,,184.91,"Texto , Imprint , 8910 , Imprint"
1,8910 IMPRINT 111258 ROJO C.NEGRO 26x9mm,73000068,,184.91,"Texto , Imprint , 8910 , Imprint"
1,8913 IMPRINT (111383) C.NEG C.N 58x22mm,73000072,,276.6,"Texto , Imprint , 8913 , Imprint"
1,8913 IMPRINT (111508) ROJO C.NEG 58x22mm,73000073,,276.6,"Texto , Imprint , 8913 , Imprint"
1,9342 MICRO PRINTY 4.0 C.ROJO CNEGRO 42mm,158843,,369.86,"Texto , Printy , 9342 , Micro"
1,9511 EXHIBIDOR POCKET (8 SELLOS),148684,,1949.04,"Texto , Printy , 9511 , Pocket"
1,9511 POCKET PRINTY AZUL C.NEGRO 38x14mm,148735,,251.16,"Texto , Printy , 9511 , Pocket"
1,9511 POCKET PRINTY BLANCO C.NEG 38x14mm,148737,,251.16,"Texto , Printy , 9511 , Pocket"
1,9511 POCKET PRINTY C.NEG C.NEG 38x14mm,148636,,251.16,"Texto , Printy , 9511 , Pocket"
1,9511 POCKET PRINTY PLATA C.NEGRO 38x14mm,148842,,251.16,"Texto , Printy , 9511 , Pocket"
1,9511 POCKET PRINTY ROJO C.NEGRO 38x14mm,148739,,251.16,"Texto , Printy , 9511 , Pocket"
1,9511 POCKET P. ROSA FUCSIA C.N 38x14mm,148751,,251.16,"Texto , Printy , 9511 , Pocket"
1,9511 POCKET P. ROSA/TURQUESA C.N 38x14mm,148755,,251.16,"Texto , Printy , 9511 , Pocket"
1,9511 POCKET PRINTY VERDE MAN C.N 38x14mm,148840,,251.16,"Texto , Printy , 9511 , Pocket"
1,9512 EXHIBIDOR POCKET (8 SELLOS),148859,,2338.61,"Texto , Printy , 9512 , Pocket"
1,9512 POCKET PRINTY AZUL C.NEGRO 47x18mm,148920,,301.37,"Texto , Printy , 9512 , Pocket"
1,9512 POCKET PRINTY BLANCO C.NEG 47x18mm,148997,,301.37,"Texto , Printy , 9512 , Pocket"
1,9512 POCKET PRINTY NEGRO C.NEG 47x18mm,148858,,301.37,"Texto , Printy , 9512 , Pocket"
1,9512 POCKET PRINTY PLATA C.NEG 47x18mm,149204,,301.37,"Texto , Printy , 9512 , Pocket"
1,9512 POCKET PRINTY ROJO C.NEGRO 47x18mm,149168,,301.37,"Texto , Printy , 9512 , Pocket"
1,9512 POCKET P. ROSA FUCSIA C.N 47x18mm,149192,,301.37,"Texto , Printy , 9512 , Pocket"
1,9512 POCKET P. ROSA/TURQUESA C.N 47x18mm,149196,,301.37,"Texto , Printy , 9512 , Pocket"
1,9512 POCKET PRINTY VERDE MAN C.N 47x18mm,149200,,301.37,"Texto , Printy , 9512 , Pocket"
1,9512 POCKET P. TYPO AZUL C.ROJO 49x28mm,151772,,641.23,"Texto , Printy , 9512 , Pocket"
1,9512 POCKET P. TYPO AZUL C.AZUL 47x18mm,151773,,641.23,"Texto , Printy , 9512 , Pocket"
1,26497 DELRIN BLANCO 279mmx305mm,26497,,1791.58,"Texto , Insumo , 26497 , Insumo"
1,8913 IMPRINT  C. AZULC. NEGRO 58x22mm,111640,,276.6,"Texto , Imprint , 8913 , Imprint"
1,8915 IMPRINT  C. NEGRO C. NEGRO 70x25mm,111482,,389.98,"Texto , Imprint , 8915 , Imprint"
1,8915 IMPRINT  C. ROJO C. NEGRO 70x25mm,111525,,389.98,"Texto , Imprint , 111525 , Imprint"
1,9430 MOBILE PRINTY C.AZUL C.NEG 30X30mm,73000398,,396.44,"Texto , Printy , 9430 , Mobile"
1,9430 MOBILE PRINTY VERDE C.NEG 30x30mm,73000399,,396.44,"Texto , Printy , 9430 , Mobile"
1,9413 MOBILE PRINTY AZUL C.NEGRO 58x22mm,34698,,432.45,"Texto , Printy , 9413 , Mobile"
1,9413 MOBILE PRINTY PLATA C.NEGRO 58x22mm,34700,,432.45,"Texto , Printy , 9413 , Mobile"
1,9413 MOBILE PRINTY ROJO C.NEGRO 58x22mm,34696,,432.45,"Texto , Printy , 9413 , Mobile"
1,9425 MOBILE PRINTY C.AMARILLO C.N25x25mm,34786,,384.38,"Texto , Printy , 9425 , Mobile"
1,9425 MOBILE PRINTY C.AZUL C.NEGRO25x25mm,34823,,384.38,"Texto , Printy , 9425 , Mobile"
1,9425 MOBILE PRINTY NEGRO C.NEGRO 25x25mm,34827,,384.38,"Texto , Printy , 9425 , Mobile"
1,9425 MOBILE PRINTY C.PLATA C.NEG 25x25mm,34825,,384.38,"Texto , Printy , 9425 , Mobile"
1,9425 MOBILE PRINTY C.ROJO C.NEGRO25x25mm,34821,,384.38,"Texto , Printy , 9425 , Mobile"
1,9425 MOBILE PRINTY C.ROSA C.NEGRO25x25mm,34788,,384.38,"Texto , Printy , 9425 , Mobile"
1,9425 MOBILE PRINTY C.VERDE C.NEG 25x25mm,34830,,384.38,"Texto , Printy , 9425 , Mobile"
1,9430 MOBILE PRINTY AMARILLO C.N 30x30mm,20008,,396.44,"Texto , Printy , 9430 , Mobile"
1,9430 MOBILE PRINTY NARANJA C.NEG 30x30mm,20005,,396.44,"Texto , Printy , 9430 , Mobile"
1,9430 MOBILE PRINTY ROJO C.NEGRO 30x30mm,19922,,396.44,"Texto , Printy , 9430 , Mobile"
1,9430 MOBILE PRINTY C.ROSA C.NEGRO30x30mm,20011,,396.44,"Texto , Printy , 9430 , Mobile"
1,9440 MOBILE PRINTY AZUL C.NEGRO 40x40mm,46318,,515.83,"Texto , Printy , 9440 , Mobile"
1,9440 MOBILE PRINTY NEGRO C.NEGRO 40x40mm,46305,,539.24,"Texto , Printy , 9440 , Mobile"
1,9440 MOBILE PRINTY C.PLATA C.N 40x40mm,46304,,515.79,"Texto , Printy , 9440 , Mobile"
1,9440 MOBILE PRINTY ROJO C.NEGRO 40x40mm,46316,,515.79,"Texto , Printy , 9440 , Mobile"
1,44045 PRINTY 3.0 C.NEGRO C.NEGRO 45x30mm,45188,,437.84,"Texto , Printy , 44045 , 3"
1,44055 PRINTY 3.0 C.GRIS C.NEGRO 55x35mm,87904,,504.63,"Texto , Printy , 44055 , 3"
1,44055 PRINTY 3.0 C.NEGRO C.NEGRO 55x35mm,45257,,504.63,"Texto , Printy , 44055 , 3"
1,44055 PRINTY 3.0 C.ROJO C.NEGRO 55x35mm,86575,,504.63,"Texto , Printy , 44055 , 3"
1,46019 PRINTY 3.0 C. NEGRO C. NEGRO 19mm,45206,,230.02,"Texto , Printy , 46019 , 3"
1,4612 PRINTY 2.0 C. NEGRO C. NEGRO 12mm,91527,,226.14,"Texto , Printy , 4612 , 2"
1,4630 PRINTY 3.0 C. AZUL C. NEGRO 30mm,80386,,342.96,"Texto , Printy , 4630 , 3"
1,4630 PRINTY 3.0 C. GRIS C. NEGRO 30mm,80398,,342.96,"Texto , Printy , 4630 , 3"
1,4630 PRINTY 3.0 C. NEGRO C. NEGRO 30mm,80394,,342.96,"Texto , Printy , 4630 , 3"
1,4630 PRINTY 3.0 C. ROJO C. NEGRO 30mm,80393,,342.96,"Texto , Printy , 4630 , 3"
1,4638 PRINTY 4.0 C. AZUL C. NEGRO 38mm,76849,,430.29,"Texto , Printy , 4638 , 4"
1,4638 PRINTY 4.0 C. NEGRO C. NEGRO 38mm,76854,,430.29,"Texto , Printy , 4638 , 4"
1,4638 PRINTY 4.0 C. ROJO C. NEGRO 38mm,76798,,430.29,"Texto , Printy , 4638 , 4"
1,4912 PRINTY RECIBIDO 4.0 C.G C.N 47x18mm,56631,,283.82,"Texto , Printy , 4912 , 4"
1,4912 PRINTY PAGADO 4.0 GRIS C.N 47x18mm,56630,,449.16,"Texto , Printy , 4912 , 4"
1,4918 PRINTY 3.0 C. AZUL C. NEGRO 75x15mm,19898,,571.8,"Texto , Printy , 4918 , 3"
1,4918 PRINTY 3.0 C. GRIS C. NEGRO 75x15mm,19899,,571.8,"Texto , Printy , 4918 , 3"
1,4918 PRINTY 3.0 C.NEGRO C.NEGRO 75x15mm,45201,,571.8,"Texto , Printy , 4918 , 3"
1,4918 PRINTY 3.0 C. ROJO C. NEGRO 75x15mm,19897,,571.8,"Texto , Printy , 4918 , 3"
1,4925 PRINTY 3.0 C. AZUL C. NEGRO 82x25mm,9638,,544.34,"Texto , Printy , 4925 , 3"
1,4925 PRINTY 3.0 C. GRIS C. NEGRO 82x25mm,9637,,544.34,"Texto , Printy , 4925 , 3"
1,4925 PRINTY 3.0 C.NEGRO C.NEGRO 82x25mm,45223,,544.34,"Texto , Printy , 4925 , 3"
1,4925 PRINTY 3.0 C. ROJO C. NEGRO 82x25mm,9636,,544.34,"Texto , Printy , 4925 , 3"
1,4928 PRINTY 3.0 C. AZUL C. NEGRO 60x33mm,3642,,557.95,"Texto , Printy , 4928 , 3"
1,4928 PRINTY 3.0 C. GRIS C. NEGRO 60x33mm,3643,,557.95,"Texto , Printy , 4928 , 3"
1,4928 PRINTY 3.0 C.NEGRO C.NEGRO 60x33mm,45275,,557.96,"Texto , Printy , 4928 , 3"
1,4928 PRINTY 3.0 C. ROJO C. NEGRO 60x33mm,3644,,557.95,"Texto , Printy , 4928 , 3"
1,4929 PRINTY 3.0 C. AZUL C. NEGRO 50x30mm,3670,,558.81,"Texto , Printy , 4929 , 3"
1,4929 PRINTY 3.0 C. GRIS C. NEGRO 50x30mm,3671,,558.81,"Texto , Printy , 4929 , 3"
1,4929 PRINTY 3.0 C.NEGRO C.NEGRO 50x30mm,45270,,558.81,"Texto , Printy , 4929 , 3"
1,4929 PRINTY 3.0 C. ROJO C. NEGRO 50x30mm,3669,,558.81,"Texto , Printy , 4929 , 3"
1,4931 PRINTY 3.0 C. AZUL C. NEGRO 70x30mm,33305,,562.47,"Texto , Printy , 4931 , 3"
1,4931 PRINTY 3.0 C. GRIS C. NEGRO 70x30mm,33306,,562.49,"Texto , Printy , 4931 , 3"
1,4931 PRINTY 3.0 C.NEGRO C.NEGRO 70x30mm,45196,,562.47,"Texto , Printy , 4931 , 3"
1,4931 PRINTY 3.0 C. ROJO C. NEGRO 70x30mm,33304,,562.47,"Texto , Printy , 4931 , 3"
1,4933 PRINTY 2.0 C. AZUL C. NEGRO 25x25mm,65841,,426.64,"Texto , Printy , 4933 , 2"
1,4933 PRINTY 2.0 C.NEGRO C.NEGRO 25x25mm,65635,,426.64,"Texto , Printy , 4933 , 2"
1,4933 PRINTY 2.0 C. ROJO C. NEGRO 25x25mm,65836,,426.64,"Texto , Printy , 4933 , 2"
1,4910 PRINTY 4.0 BLANCO/BLANCO C.N 26x9mm,57842,,217.54,"Texto , Printy , 4910 , 4"
1,4911 PRINTY 4.0 C. AZUL C. NEGRO 38x14mm,44359,,232.32,"Texto , Printy , 4911 , 4"
1,4911 PRINTY 4.0 BLANCO/NEG C.NEG 38x14mm,44380,,232.32,"Texto , Printy , 4911 , 4"
1,4911 PRINTY 4.0 C. GRIS C. NEGRO 38x14mm,44356,,232.32,"Texto , Printy , 4911 , 4"
1,4911 PRINTY 4.0 C.NEGRO C.NEGRO 38x14mm,44075,,232.32,"Texto , Printy , 4911 , 4"
1,4911 PRINTY 4.0 C. ROJO C. NEGRO 38x14mm,44377,,232.32,"Texto , Printy , 4911 , 4"
1,4911 PRINTY 4.0 ROSA FUCSIA C.N 38x14mm,44383,,232.32,"Texto , Printy , 4911 , 4"
1,4911 PRINTY 4.0 VERDE C. NEGRO 38x14mm,44396,,232.32,"Texto , Printy , 4911 , 4"
1,4912 PRINTY 4.0 C. AZUL C. NEGRO 47x18mm,44368,,283.85,"Texto , Printy , 4912 , 4"
1,4912 PRINTY 4.0 BLANCO/NEGRO C.N 47x18mm,44374,,271.5,"Texto , Printy , 4912 , 4"
1,4912 PRINTY 4.0  BLANCO/NEGRO C.N 47x18mm,46480,,271.5,"Texto , Printy , 4912 , 4"
1,4912 PRINTY 4.0 C. GRIS C. NEGRO 47x18mm,44355,,283.85,"Texto , Printy , 4912 , 4"
1,4912 PRINTY 4.0 NEGRO C. NEGRO 47x18mm,44257,,283.85,"Texto , Printy , 4912 , 4"
1,4912 PRINTY 4.0 C. ROJO C. NEGRO 47x18mm,44371,,283.85,"Texto , Printy , 4912 , 4"
1,4912 PRINTY 4.0 ROSA FUCSIA C.N 47x18mm,44387,,283.85,"Texto , Printy , 4912 , 4"
1,4912 PRINTY 4.0 VERDE C. NEGRO 47x18mm,44390,,283.85,"Texto , Printy , 4912 , 4"
1,4913 PRINTY 4.0 AMARILL NEON C.N 58x22mm,68835,,325.37,"Texto , Printy , 4913 , 4"
1,4913 PRINTY 4.0 C. AZUL C. NEGRO 58x22mm,44411,,340.19,"Texto , Printy , 4913 , 4"
1,4913 PRINTY 4.0 C.BLAN ART C.NEG 58x22mm,44417,,325.42,"Texto , Printy , 4913 , 4"
1,4913 PRINTY 4.0 C. GRIS C. NEGRO 58x22mm,44408,,340.21,"Texto , Printy , 4913 , 4"
1,4913 PRINTY 4.0 C. NEGRO C.NEGRO 58x22mm,44258,,340.21,"Texto , Printy , 4913 , 4"
1,4913 PRINTY 4.0 ROSA NEON C.NEG 58x22mm,70734,,325.42,"Texto , Printy , 4913 , 4"
1,4913 PRINTY 4.0 C. ROJO C. NEGRO 58x22mm,44414,,340.15,"Texto , Printy , 4913 , 4"
1,4913 PRINTY 4.0 ROSA FUCSIA C.N 58x22mm,44420,,325.37,"Texto , Printy , 4913 , 4"
1,4913 PRINTY 4.0 C.VERDE C.NEGRO 58x22mm,44423,,340.15,"Texto , Printy , 4913 , 4"
1,4914 PRINTY 4.0 C. AZUL C. NEGRO 64x26mm,52835,,424.28,"Texto , Printy , 4914 , 4"
1,4914 PRINTY 4.0 BLANCO/NEGRO C.N 64x26mm,52845,,424.3,"Texto , Printy , 4914 , 4"
1,4914 PRINTY 4.0 C.BLANCO C.NEGRO 64x26mm,52857,,424.3,"Texto , Printy , 4914 , 4"
1,4914 PRINTY 4.0 C. GRIS C. NEGRO 64x26mm,52830,,424.28,"Texto , Printy , 4914 , 4"
1,4914 PRINTY 4.0 C.NEGRO C.NEGRO 64x26mm,47586,,424.3,"Texto , Printy , 4914 , 4"
1,4914 PRINTY 4.0 C. ROJO C. NEGRO 64x26mm,52840,,424.3,"Texto , Printy , 4914 , 4"
1,4914 PRINTY 4.0 ROSA FUCSIA C.N 64x26mm,52850,,424.3,"Texto , Printy , 4914 , 4"
1,4914 PRINTY 4.0 C.VERDE C.NEGRO 64x26mm,52853,,424.3,"Texto , Printy , 4914 , 4"
1,4915 PRINTY 4.0 C. AZUL C. NEGRO 70x25mm,53249,,458.77,"Texto , Printy , 4915 , 4"
1,4915 PRINTY 4.0 C.BLANCO C.NEGRO 70x25mm,53304,,458.77,"Texto , Printy , 4915 , 4"
1,4915 PRINTY 4.0 BLANCO/NEGRO C.N 70x25mm,53222,,458.77,"Texto , Printy , 4915 , 4"
1,4915 PRINTY 4.0 C. GRIS C. NEGRO 70x25mm,53183,,458.79,"Texto , Printy , 4915 , 4"
1,4915 PRINTY 4.0 C.NEGRO C.NEGRO 70x25mm,47587,,458.77,"Texto , Printy , 4915 , 4"
1,4915 PRINTY 4.0 C. ROJO C. NEGRO 70x25mm,53254,,458.77,"Texto , Printy , 4915 , 4"
1,4915 PRINTY 4.0 ROSA FUCSIA C.N 70x25mm,53297,,458.77,"Texto , Printy , 4915 , 4"
1,4915 PRINTY 4.0 C.VERDE C.NEGRO 70x25mm,53300,,458.77,"Texto , Printy , 4915 , 4"
1,44045 PRINTY 2.0 C.GRIS C.NEGRO 45X30mm,3595,,437.84,"Texto , Printy , 44045 , 3"
1,44045 PRINTY 3.0 C.ROJO C.NEGRO 45x30mm,3597,,437.84,"Texto , Printy , 44045 , 3"
1,46019 PRINTY 3.0 C. AZUL C. NEGRO 19mm,3527,,230.02,"Texto , Printy , 46019 , 3"
1,46019 PRINTY 3.0 C. GRIS C. NEGRO 19mm,3528,,230.02,"Texto , Printy , 46019 , 3"
1,46019 PRINTY 3.0 C. ROJO C. NEGRO 19mm,3529,,230.02,"Texto , Printy , 46019 , 3"
1,46025 PRINTY 3.0 C. AZUL C. NEGRO 25mm,3530,,319.26,"Texto , Printy , 46025 , 3"
1,46025 PRINTY 3.0 C. GRIS C. NEGRO 25mm,3531,,319.26,"Texto , Printy , 46025 , 3"
1,46025 PRINTY 3.0 C. NEGRO C. NEGRO 25mm,45160,,319.26,"Texto , Printy , 46025 , 3"
1,46025 PRINTY 3.0 C. ROJO C. NEGRO 25mm,3532,,319.26,"Texto , Printy , 46025 , 3"
1,46050 PRINTY 2.0 C. NEGRO C. NEGRO 50mm,44929,,671.11,"Texto , Printy , 46050 , 2"
1,4910 PRINTY 4.0 C. NEGRO C. NEGRO 26x9mm,53438,,217.55,"Texto , Printy , 4910 , 4"
1,4910 PRINTY 4.0 BLANCO/NEGRO C.N 26x9mm,53527,,217.54,"Texto , Printy , 4910 , 4"
1,4911 PRINTY TEXTIL 4.0 ROJO C.N 38x14mm,44768,,664.89,"Texto , Printy , 4911 , 4"
1,4917 PRINTY 2.0 C.NEGRO C.NEGRO 50x10mm,6318,,466.55,"Texto , Printy , 4917 , 2"
1,4921 PRINTY 2.0 C.NEGRO C.NEGRO 12x12mm,65712,,312.77,"Texto , Printy , 4921 , 2"
1,4922 PRINTY 2.0 C.NEGRO C.NEGRO 20x20mm,69666,,374.26,"Texto , Printy , 4922 , 2"
1,4923 PRINTY 2.0 C.NEGRO C.NEGRO 30x30mm,69846,,470.38,"Texto , Printy , 4923 , 2"
1,3445 PRINTY LITTLE FELL AZUL C.N 45x30mm,84460,,350.42,"Texto , Printy , 3445 , Little fellow"
1,3445 PRINTY LITTLE FELL NEG C.N 45x30mm,84444,,350.42,"Texto , Printy , 3445 , Little fellow"
1,3445 PRINTY LITTLE FELL ROJO C.N 45x30mm,84454,,350.42,"Texto , Printy , 3445 , Little fellow"
1,3915 PRINTY LITTLE FELL AZUL C.N 70x25mm,92116,,261.48,"Texto , Printy , 3915 , Little fellow"
1,3915 PRINTY LITTLE FELL NEG. C.N 70x25mm,92105,,261.48,"Texto , Printy , 3915 , Little fellow"
1,3915 PRINTY LITTLE FELL ROJO C.N 70x25mm,92110,,261.48,"Texto , Printy , 3915 , Little fellow"
1,3927 PRINTY LITTLE FELL ROJO C.N 60x40m,92122,,432.01,"Texto , Printy , 3927 , Little fellow"
1,3638 PRINTY LITTLE FELL AZUL C.N 38mm,84384,,368.86,"Texto , Printy , 3638 , Little fellow"
1,3638 PRINTY LITTLE FELL ROJO C.N 38mm,84361,,368.86,"Texto , Printy , 3638 , Little fellow"
1,5205 PROF 3.0 NEGRO C.NEGRO 68x24mm,85338,,1976.17,"Texto , Professional , 5205 , 3"
1,5211 PROF 4.0 NEGRO C. NEGRO 85x55mm,34970,,3404.49,"Texto , Professional , 5211 , 3"
1, SELLO EN SECO C. CROMADO 25x51mm,68340,,1973.4,"Texto , Troquel , 972551 , Troquel"
1,972551 SELLO EN SECO C. NEGRO 25x51mm,70102,,1973.4,"Texto , Troquel , 972551 , Troquel"
1,SELLO EN SECO C. CROMADO 41mm,68336,,2063.1,"Texto , Troquel , 970041 , Troquel"
1,SELLO EN SECO C. NEGRO 41mm,70100,,1973.42,"Texto , Troquel , 970041 , Troquel"
1,970041 SELLO EN SECO C. ROSA  41mm,80454,,1973.4,"Texto , Troquel , 970041 , Troquel"
1,970051 SELLO EN SECO C. CROMADO 51mm,68338,,2124.56,"Texto , Troquel , 970051 , Troquel"
1,970051 SELLO EN SECO C. NEGRO 51mm,70101,,2221.14,"Texto , Troquel , 970051 , Troquel"
1,JDD2 TROQUELADORA ESCRITORIO 50mm,104913,,3802.08,"Texto , Troquel , JDD2 , Troquel"
1,7012 TINTA MCI AZUL LUMINOSO(39443) 28ml,73000389,,195.23,"Insumo , Insumo , 7012 , Tinta"
1,6/15 CARTUCHO AZUL 45mm,78534,,219.22,"Insumo , Insumo , 6/15 , Cartucho"
1,6/15 CARTUCHO MCI 45mm,10326,,219.19,"Insumo , Insumo , 6/15 , Cartucho"
1,6/15 CARTUCHO MORADA 45mm,78751,,219.19,"Insumo , Insumo , 6/15 , Cartucho"
1,6/15 CARTUCHO NEGRO 45mm,78533,,219.19,"Insumo , Insumo , 6/15 , Cartucho"
1,6/15 CARTUCHO ROJO 45mm,78535,,219.19,"Insumo , Insumo , 6/15 , Cartucho"
1,6/15 CARTUCHO SIN TINTA 45mm,79155,,219.19,"Insumo , Insumo , 6/15 , Cartucho"
1,6/15 CARTUCHO VERDE 45mm,73000196,,219.19,"Insumo , Insumo , 6/15 , Cartucho"
1,6/15/2 CARTUCHO BIC 45mm,82088,,219.19,"Insumo , Insumo , 6/15/2 , Cartucho"
1,6/15/2 CARTUCHO  BIC 45mm,78752,,385.02,"Insumo , Insumo , 6/15/2 , Cartucho"
1,6/3911 CARTUCHO MORADO 38x14mm,61429,,78.5,"Insumo , Insumo , 6/3911 , Cartucho"
1,6/3913 CARTUCHO  NEGRO 58x22mm,61440,,101.19,"Insumo , Insumo , 6/3913 , Cartucho"
1,6/3915 CARTUCHO  NEGRO 70x25mm,92137,,132.41,"Insumo , Insumo , 6/3915 , Cartucho"
1,6/3927 CARTUCHO  AZUL 60x40mm,92142,,143.73,"Insumo , Insumo , 6/3927 , Cartucho"
1,6/43032 CARTUCHO  AZUL 36x33mm,73000202,,116.86,"Insumo , Insumo , 6/43032 , Cartucho"
1,6/43032 CARTUCHO  NEGRO 32x32mm,73000200,,116.86,"Insumo , Insumo , 6/43032 , Cartucho"
1,6/43032/2 CARTUCHO BIC 32x32mm,39947,,116.86,"Insumo , Insumo , 6/43032/2 , Cartucho"
1,6/44045 CARTUCHO  NEGRO 45x35mm,73000205,,181.72,"Insumo , Insumo , 6/44045 , Cartucho"
1,6/44055 CARTUCHO  NEGRO 55x38mm,73000209,,191.4,"Insumo , Insumo , 6/44055 , Cartucho"
1,6/46019 CARTUCHO AZUL 19mm,10824,,113.88,"Insumo , Insumo , 6/46019 , Cartucho"
1,6/46019 CARTUCHO  NEGRO 19mm,10827,,113.88,"Insumo , Insumo , 6/46019 , Cartucho"
1,6/46019 CARTUCHO  ROJO 19mm,73000216,,113.88,"Insumo , Insumo , 6/46019 , Cartucho"
1,6/46019 CARTUCHO SIN TINTA 19mm,13912,,113.88,"Insumo , Insumo , 6/46019 , Cartucho"
1,6/46025 CARTUCHO  NEGRO 25mm,73000218,,124.12,"Insumo , Insumo , 6/46025 , Cartucho"
1,6/46030 CARTUCHO  AZUL 30mm,73000224,,116.86,"Insumo , Insumo , 6/46030 , Cartucho"
1,6/46030 CARTUCHO  MCI 30mm,10211,,116.86,"Insumo , Insumo , 6/46030 , Cartucho"
1,6/46030 CARTUCHO NEGRO 30mm,73000223,,116.86,"Insumo , Insumo , 6/46030 , Cartucho"
1,6/46030 CARTUCHO SIN TINTA 30mm,1947,,116.86,"Insumo , Insumo , 6/46030 , Cartucho"
1,6/46030 CARTUCHO  VERDE  30mm,73000227,,116.86,"Insumo , Insumo , 6/46030 , Cartucho"
1,6/46040 CARTUCHO  AZUL 40mm,73000228,,157.99,"Insumo , Insumo , 6/46040 , Cartucho"
1,6/46040 CARTUCHO MCI 40mm,10282,,158.01,"Insumo , Insumo , 6/46040 , Cartucho"
1,6/46040 CARTUCHO NEGRO 40mm,90865,,158.01,"Insumo , Insumo , 6/46040 , Cartucho"
1,6/46040 CARTUCHO  ROJO  40mm,73000230,,157.99,"Insumo , Insumo , 6/46040 , Cartucho"
1,6/46040/2 CARTUCHO BIC 40mm,90866,,275.94,"Insumo , Insumo , 6/46040/2 , Cartucho"
1,6/46040/2 CARTUCHO  BIC SIN TINTA 40mm,1970,,157.99,"Insumo , Insumo , 6/46040/2ST , Cartucho"
1,6/46045 CARTUCHO AZUL 45mm,73000234,,191.4,"Insumo , Insumo , 6/46045 , Cartucho"
1,6/46045 CARTUCHO MCI 45mm,15635,,191.36,"Insumo , Insumo , 6/46045 , Cartucho"
1,6/46045 CARTUCHO NEGRO 45mm,80808,,191.42,"Insumo , Insumo , 6/46045 , Cartucho"
1,6/46045 CARTUCHO ROJO 45mm,73000237,,191.42,"Insumo , Insumo , 6/46045 , Cartucho"
1,6/46045 CARTUCHO  VERDE 45mm,73000238,,191.4,"Insumo , Insumo , 6/46045 , Cartucho"
1,6/46045/2 CARTUCHO BIC 45mm,16136,,337.16,"Insumo , Insumo , 6/46045/2 , Cartucho"
1,6/46050 CARTUCHO AZUL 50mm,73000240,,259.75,"Insumo , Insumo , 6/46050 , Cartucho"
1,6/46050 CARTUCHO NEGRO 50mm,45239,,259.75,"Insumo , Insumo , 6/46050 , Cartucho"
1,6/46050 CARTUCHO ROJO 50mm,73000241,,259.75,"Insumo , Insumo , 6/46050 , Cartucho"
1,6/46050 CARTUCHO SIN TINTA 50mm,45234,,259.75,"Insumo , Insumo , 6/46050 , Cartucho"
1,6/4612 CARTUCHO  FIELTRO  12mm,93263,,68.65,"Insumo , Insumo , 6/4612 , Cartucho"
1,6/4612 CARTUCHO  NEGRO 12mm,91529,,68.65,"Insumo , Insumo , 6/4612 , Cartucho"
1,6/4612 CARTUCHO SIN TINTA 12mm,93262,,68.65,"Insumo , Insumo , 6/4612 , Cartucho"
1,6/4630 CARTUCHO AZUL 30mm,80790,,134.36,"Insumo , Insumo , 6/4630 , Cartucho"
1,6/4630 CARTUCHO MCI 30mm,80797,,134.36,"Insumo , Insumo , 6/4630 , Cartucho"
1,6/4630 CARTUCHO SIN TINTA 30mm,80794,,134.36,"Insumo , Insumo , 6/4630 , Cartucho"
1,6/4630 CARTUCHO VERDE 30mm,73000409,,134.36,"Insumo , Insumo , 6/4630 , Cartucho"
1,6/4638 CARTUCHO AZUL 38mm,77004,,117.83,"Insumo , Insumo , 6/4638 , Cartucho"
1,6/4638 CARTUCHO MCI 38mm,77029,,117.83,"Insumo , Insumo , 6/4638 , Cartucho"
1,6/4638 CARTUCHO NEGRO,77001,,,"Insumo , Insumo , 6/4638 , Cartucho"
1,6/4638 CARTUCHO  SIN TINTA  38mm,77027,,101.76,"Insumo , Insumo , 6/4638 , Cartucho"
1,6/4642 CARTUCHO AZUL 42mm,65833,,134.36,"Insumo , Insumo , 6/4642 , Cartucho"
1,6/4642 CARTUCHO  MCI  42mm,65872,,135.39,"Insumo , Insumo , 6/4642 , Cartucho"
1,6/4642 CARTUCHO NEGRO 42mm,73000413,,134.36,"Insumo , Insumo , 6/4642 , Cartucho"
1,6/4642 CARTUCHO  ROJO  42mm,65834,,134.36,"Insumo , Insumo , 6/4642 , Cartucho"
1,6/4642 CARTUCHO  SIN TINTA  42mm,65356,,113.25,"Insumo , Insumo , 6/4642 , Cartucho"
1,6/4642 CARTUCHO  VERDE  42mm,65866,,134.36,"Insumo , Insumo , 6/4642 , Cartucho"
1,6/4645 CARTUCHO AZUL 45mm,171381,,191.42,"Insumo , Insumo , 6/4645 , Cartucho"
1,6/4645 CARTUCHO  NEGRO 45mm,171380,,191.42,"Insumo , Insumo , 6/4645 , Cartucho"
1,6/4645 CARTUCHO MCI 45mm,171378,,191.42,"Insumo , Insumo , 6/4645 , Cartucho"
1,6/4645 CARTUCHO SIN TINTA 45mm,171379,,191.42,"Insumo , Insumo , 6/4645 , Cartucho"
1,6/4750 CARTUCHO  AZUL 41x24mm,73000244,,112.37,"Insumo , Insumo , 6/4750 , Cartucho"
1,6/4750 CARTUCHO BIC 41x24mm,73000243,,112.39,"Insumo , Insumo , 6/4750 , Cartucho"
1,6/4750 CARTUCHO NEGRO 41x24mm,59965,,112.37,"Insumo , Insumo , 6/4750 , Cartucho"
1,6/4750 CARTUCHO  ROJO  41x24mm,73000245,,112.37,"Insumo , Insumo , 6/4750 , Cartucho"
1,6/4750 CARTUCHO SIN TINTA 41x24mm,59964,,112.37,"Insumo , Insumo , 6/4750 , Cartucho"
1,6/4750 CARTUCHO AZUL/ROJO 41x24mm,62022,,192.51,"Insumo , Insumo , 6/4750/2ST , Cartucho"
1,6/4750/2 CARTUCHO BIC SIN TINTA 41x24mm,62023,,192.51,"Insumo , Insumo , 6/4750/2ST , Cartucho"
1,6/4817 CARTUCHO  AZUL 57x18mm,73000248,,135.76,"Insumo , Insumo , 6/4817 , Cartucho"
1,6/4817 CARTUCHO NEGRO 57x18mm,73000247,,135.76,"Insumo , Insumo , 6/4817 , Cartucho"
1,6/4817 CARTUCHO  ROJO 57x18mm,73000250,,135.76,"Insumo , Insumo , 6/4817 , Cartucho"
1,6/4817 CARTUCHO SIN TINTA 57x18mm,80687,,135.76,"Insumo , Insumo , 6/4817 , Cartucho"
1,6/4850/2 CARTUCHO BIC SIN TINTA 25x5mm,77784,,148.01,"Insumo , Insumo , 6/4850/2ST , Cartucho"
1,6/4908 CARTUCHO  ROJO  15x7mm,73000258,,89.56,"Insumo , Insumo , 6/4908 , Cartucho"
1,6/4908 CARTUCHO  VERDE  15x7mm,73000130,,89.56,"Insumo , Insumo , 6/4908 , Cartucho"
1,6/4910 CARTUCHO AZUL 26x9mm,69322,,92.35,"Insumo , Insumo , 6/4910 , Cartucho"
1,6/4910 CARTUCHO NEGRO 26x9mm,69224,,92.35,"Insumo , Insumo , 6/4910 , Cartucho"
1,6/4910 CARTUCHO SIN TINTA 26x9mm,69438,,92.35,"Insumo , Insumo , 6/4910 , Cartucho"
1,6/4910 CARTUCHO VERDE 26x9mm,69323,,92.35,"Insumo , Insumo , 6/4910 , Cartucho"
1,6/4911 CARTUCHO  AZUL 38x14mm,55815,,92.35,"Insumo , Insumo , 6/4911 , Cartucho"
1,6/4911 CARTUCHO NEGRO (TEXTIL) 38x14mm,85749,,177.37,"Insumo , Insumo , 6/4911 , Cartucho"
1,6/4911 CARTUCHO ROJO 38x14mm,55817,,92.35,"Insumo , Insumo , 6/4911 , Cartucho"
1,6/4911 CARTUCHO VERDE 38x14mm,55816,,92.35,"Insumo , Insumo , 6/4911 , Cartucho"
1,6/4911 CARTUCHO FIELTRO 38x14mm,65758,,92.35,"Insumo , Insumo , 6/4911 , Cartucho"
1,6/4911 CARTUCHO MCI 38x14mm,33974,,92.35,"Insumo , Insumo , 6/4911 , Cartucho"
1,6/4911 CARTUCHO NEGRO 38x14mm,73000265,,92.35,"Insumo , Insumo , 6/4911 , Cartucho"
1,6/4911 CARTUCHO SIN TINTA 38x14mm,55820,,92.35,"Insumo , Insumo , 4911 , Cartucho"
1,6/4912 CARTUCHO AZUL 47x18mm,55842,,104.6,"Insumo , Insumo , 6/4912 , Cartucho"
1,6/4912 CARTUCHO NEGRO 47x18mm,55845,,104.6,"Insumo , Insumo , 6/4912 , Cartucho"
1,6/4912 CARTUCHO MCI 47x18mm,4818,,104.6,"Insumo , Insumo , 6/4912 , Cartucho"
1,6/4912 CARTUCHO  MORADO 47x18mm,55846,,104.6,"Insumo , Insumo , 6/4912 , Cartucho"
1,6/4912 CARTUCHO SIN TINTA 47x18mm,55847,,104.6,"Insumo , Insumo , 6/4912 , Cartucho"
1,6/4912 CARTUCHO  VERDE  47x18mm,55843,,104.6,"Insumo , Insumo , 6/4912 , Cartucho"
1,6/4913 CARTUCHO AZUL 58x22mm,58396,,119.06,"Insumo , Insumo , 6/4913 , Cartucho"
1,6/4913 CARTUCHO ROJO 58x22mm,58397,,119.06,"Insumo , Insumo , 6/4913 , Cartucho"
1,6/4913 CARTUCHO  FIELTRO  58x22mm,65760,,119.06,"Insumo , Insumo , 6/4913 , Cartucho"
1,6/4913 CARTUCHO  MORADO 58x22mm,58400,,119.06,"Insumo , Insumo , 6/4913 , Cartucho"
1,6/4913 CARTUCHO MCI 58x22mm,4819,,119.06,"Insumo , Insumo , 6/4913 , Cartucho"
1,6/4913 CARTUCHO NEGRO 58x22mm,58399,,119.06,"Insumo , Insumo , 6/4913 , Cartucho"
1,6/4913 CARTUCHO SIN TINTA 58x22mm,58401,,119.06,"Insumo , Insumo , 6/4913 , Cartucho"
1,6/4913 CARTUCHO VERDE 58x22mm,58398,,119.06,"Insumo , Insumo , 6/4913 , Cartucho"
1,6/4914 CARTUCHO MCI 64x26mm,52628,,148.79,"Insumo , Insumo , 6/4914 , Cartucho"
1,6/4914 CARTUCHO NEGRO 64x26mm,73000278,,148.79,"Insumo , Insumo , 6/4914 , Cartucho"
1,6/4914 CARTUCHO  ROJO  64x26mm,73000280,,148.79,"Insumo , Insumo , 6/4914 , Cartucho"
1,6/4914 CARTUCHO SIN TINTA 64x26mm,47263,,148.79,"Insumo , Insumo , 6/4914 , Cartucho"
1,6/4914 CARTUCHO  VERDE  64x26mm,73000281,,148.79,"Insumo , Insumo , 6/4914 , Cartucho"
1,6/4915 CARTUCHO MCI 70x25mm,4028,,155.79,"Insumo , Insumo , 6/4915 , Cartucho"
1,6/4915 CARTUCHO NEGRO 70x25mm,69594,,155.79,"Insumo , Insumo , 6/4915 , Cartucho"
1,6/4915 CARTUCHO ROJO 70x25mm,73000284,,155.79,"Insumo , Insumo , 6/4915 , Cartucho"
1,6/4915 CARTUCHO SIN TINTA 70x25mm,69736,,155.79,"Insumo , Insumo , 6/4915 , Cartucho"
1,6/4915 CARTUCHO  VERDE  70x25mm,73000285,,155.79,"Insumo , Insumo , 6/4915 , Cartucho"
1,6/4916 CARTUCHO AZUL 70x10mm,73000287,,135.76,"Insumo , Insumo , 6/4916 , Cartucho"
1,6/4916 CARTUCHO NEGRO 70x10mm,73000286,,135.76,"Insumo , Insumo , 6/4916 , Cartucho"
1,6/4916 CARTUCHO  ROJO 70x10mm,73000289,,135.76,"Insumo , Insumo , 6/4916 , Cartucho"
1,6/4916 CARTUCHO SIN TINTA 70x10mm,72942,,135.76,"Insumo , Insumo , 6/4916 , Cartucho"
1,6/4918 CARTUCHO  AZUL 75x15mm,73000292,,154.83,"Insumo , Insumo , 6/4918 , Cartucho"
1,6/4918 CARTUCHO  MCI 75x15mm,20225,,154.83,"Insumo , Insumo , 6/4918 , Cartucho"
1,6/4918 CARTUCHO NEGRO 75x15mm,73000291,,154.83,"Insumo , Insumo , 6/4918 , Cartucho"
1,6/4921 CARTUCHO  AZUL 12x12mm,73000297,,92.35,"Insumo , Insumo , 6/4921 , Cartucho"
1,6/4921 CARTUCHO NEGRO 12x12mm,73000296,,92.35,"Insumo , Insumo , 6/4921 , Cartucho"
1,6/4921 CARTUCHO  ROJO 12x12mm,73000298,,92.35,"Insumo , Insumo , 6/4921 , Cartucho"
1,6/4921 CARTUCHO SIN TINTA 12x12mm,65937,,92.35,"Insumo , Insumo , 6/4921 , Cartucho"
1,6/4921 CARTUCHO  VERDE  12x12mm,73000131,,92.35,"Insumo , Insumo , 6/4921 , Cartucho"
1,6/4922 CARTUCHO AZUL 20x20mm,69853,,104.6,"Insumo , Insumo , 6/4922 , Cartucho"
1,6/4922 CARTUCHO FIELTRO 20x20mm,73000301,,104.6,"Insumo , Insumo , 6/4922 , Cartucho"
1,6/4922 CARTUCHO SIN TINTA 20x20mm,69858,,104.6,"Insumo , Insumo , 6/4922 , Cartucho"
1,6/4922 CARTUCHO VERDE 20x20mm,69852,,104.6,"Insumo , Insumo , 6/4922 , Cartucho"
1,6/4923 CARTUCHO NEGRO 30x30mm,69926,,119.06,"Insumo , Insumo , 6/4923 , Cartucho"
1,6/4923 CARTUCHO  ROJO 30x30mm,73000307,,119.06,"Insumo , Insumo , 6/4923 , Cartucho"
1,6/4923 CARTUCHO SIN TINTA 30x30mm,69931,,119.06,"Insumo , Insumo , 6/4923 , Cartucho"
1,6/4923 CARTUCHO  VERDE 30x30mm,73000308,,119.06,"Insumo , Insumo , 6/4923 , Cartucho"
1,6/4924 CARTUCHO AZUL 40x40mm,69819,,161.36,"Insumo , Insumo , 6/4924 , Cartucho"
1,6/4924 CARTUCHO MORADO 40x40mm,73000312,,161.36,"Insumo , Insumo , 6/4924 , Cartucho"
1,6/4924 CARTUCHO ROJO 40x40mm,73000314,,161.36,"Insumo , Insumo , 6/4924 , Cartucho"
1,6/4924 CARTUCHO SIN TINTA 40x40mm,69822,,161.36,"Insumo , Insumo , 6/4924 , Cartucho"
1,6/4924 CARTUCHO VERDE 40x40mm,73000315,,161.36,"Insumo , Insumo , 6/4924 , Cartucho"
1,6/4924/2 CARTUCHO BIC 40x40mm,38168,,283.74,"Insumo , Insumo , 6/4924/2 , Cartucho"
1,6/4924/2 CARTUCHO BIC SIN TINTA 40x40mm,38263,,283.74,"Insumo , Insumo , 6/4924/2ST , Cartucho"
1,6/4925 CARTUCHO AZUL 82x25mm,73000317,,169.13,"Insumo , Insumo , 6/4925 , Cartucho"
1,6/4925 CARTUCHO MCI 82x25mm,12641,,169.13,"Insumo , Insumo , 6/4925 , Cartucho"
1,6/4925 CARTUCHO NEGRO 82x25mm,73000316,,169.13,"Insumo , Insumo , 6/4925 , Cartucho"
1,6/4925 CARTUCHO ROJO 82x25mm,73000318,,169.13,"Insumo , Insumo , 6/4925 , Cartucho"
1,6/4925 CARTUCHO SIN TINTA 82x25mm,13225,,169.13,"Insumo , Insumo , 6/4925 , Cartucho"
1,6/4925 CARTUCHO VERDE 82x25mm,73000319,,169.13,"Insumo , Insumo , 6/4925 , Cartucho"
1,6/4926 CARTUCHO MCI 75x38mm,4812,,185.82,"Insumo , Insumo , 6/4926 , Cartucho"
1,6/4926 CARTUCHO NEGRO 75x38mm,70666,,185.82,"Insumo , Insumo , 6/4926 , Cartucho"
1,6/4926 CARTUCHO ROJO 75x38mm,73000324,,185.82,"Insumo , Insumo , 6/4926 , Cartucho"
1,6/4926 CARTUCHO SIN TINTA 75x38mm,73554,,185.82,"Insumo , Insumo , 6/4926 , Cartucho"
1,6/4926 CARTUCHO VERDE 75x38mm,73000325,,185.82,"Insumo , Insumo , 6/4926 , Cartucho"
1,6/4926/2 CARTUCHO BIC 75x38mm,4593,,308.22,"Insumo , Insumo , 6/4926/2 , Cartucho"
1,6/4927 CARTUCHO AZUL 60x40mm,74182,,169.13,"Insumo , Insumo , 6/4927 , Cartucho"
1,6/4927 CARTUCHO MCI 60x40mm,9627,,169.13,"Insumo , Insumo , 6/4927 , Cartucho"
1,6/4927 CARTUCHO  MORADO 60x40mm,73000329,,169.13,"Insumo , Insumo , 6/4927 , Cartucho"
1,6/4927 CARTUCHO NEGRO 60x40mm,73000326,,169.13,"Insumo , Insumo , 6/4927 , Cartucho"
1,6/4927 CARTUCHO ROJO 60x40mm,73000330,,169.13,"Insumo , Insumo , 6/4927 , Cartucho"
1,6/4927 CARTUCHO SIN TINTA 60x40mm,75577,,169.13,"Insumo , Insumo , 6/4927 , Cartucho"
1,6/4927/2 CARTUCHO BIC 60x40mm,86533,,297.1,"Insumo , Insumo , 6/4927/2 , Cartucho"
1,6/4927/2 CARTUCHO BIC NEGRO/ROJO 60x40mm,44954,,297.1,"Insumo , Insumo , 6/4927/2 , Cartucho"
1,6/4927/2 CARTUCHO BIC SIN TINTA 60x40mm,88548,,297.1,"Insumo , Insumo , 6/4927/2 , Cartucho"
1,6/4928 CARTUCHO MCI 60x33mm,9626,,165.8,"Insumo , Insumo , 6/4928 , Cartucho"
1,6/4928 CARTUCHO NEGRO 60x33mm,80491,,165.8,"Insumo , Insumo , 6/4928 , Cartucho"
1,6/4928 CARTUCHO  ROJO 60x33mm,73000335,,165.8,"Insumo , Insumo , 6/4928 , Cartucho"
1,6/4928 CARTUCHO SIN TINTA 60x33mm,73000336,,165.8,"Insumo , Insumo , 6/4928 , Cartucho"
1,6/4929 CARTUCHO AZUL 50x30mm,4509,,153.58,"Insumo , Insumo , 6/4929 , Cartucho"
1,6/4929 CARTUCHO MCI 50x30mm,6037,,153.55,"Insumo , Insumo , 6/4929 , Cartucho"
1,6/4929 CARTUCHO NEGRO 50x30mm,4592,,153.55,"Insumo , Insumo , 6/4929 , Cartucho"
1,6/4929 CARTUCHO SIN TINTA 50x30mm,5280,,153.55,"Insumo , Insumo , 6/4929 , Cartucho"
1,6/4929 CARTUCHO VERDE 50x30mm,73000342,,153.58,"Insumo , Insumo , 6/4929 , Cartucho"
1,6/4929/2 CARTUCHO  BIC 50x30mm,4508,,269.28,"Insumo , Insumo , 6/4929/2 , Cartucho"
1,6/4929/2 CARTUCHO SIN TINTA 50x30mm,5830,,153.58,"Insumo , Insumo , 6/4929/2 , Cartucho"
1,6/4931 CARTUCHO AZUL 70x30mm,73000344,,190.68,"Insumo , Insumo , 6/4931 , Cartucho"
1,6/4931 CARTUCHO  MCI 70x30mm,34603,,190.68,"Insumo , Insumo , 6/4931 , Cartucho"
1,6/4931 CARTUCHO NEGRA 70x30mm,34605,,190.68,"Insumo , Insumo , 6/4931 , Cartucho"
1,6/4931 CARTUCHO  ROJO 70x30mm,34604,,190.68,"Insumo , Insumo , 6/4931 , Cartucho"
1,6/4931 CARTUCHO SIN TINTA 70x30mm,34602,,190.68,"Insumo , Insumo , 6/4931 , Cartucho"
1,6/4931 CARTUCHO  VERDE 70x30mm,73000346,,190.68,"Insumo , Insumo , 6/4931 , Cartucho"
1,6/4933 CARTUCHO AZUL 25x25mm,65781,,140.84,"Insumo , Insumo , 6/4933 , Cartucho"
1,6/4933 CARTUCHO  NEGRO 25x25mm,73000054,,140.84,"Insumo , Insumo , 6/4933 , Cartucho"
1,6/4933 CARTUCHO  SIN TINTA 25x25mm,65786,,140.86,"Insumo , Insumo , 6/4933 , Cartucho"
1,6/50 CARTUCHO SIN TINTA 41x24mm,78131,,107.93,"Insumo , Insumo , 6/50 , Cartucho"
1,6/50 CARTUCHO  AZUL 41x24mm,62107,,107.93,"Insumo , Insumo , 6/50 , Cartucho"
1,6/50 CARTUCHO  BIC 41x24mm,73000347,,186.94,"Insumo , Insumo , 6/50 , Cartucho"
1,6/50 CARTUCHO MCI 41x24mm,4813,,107.93,"Insumo , Insumo , 6/50 , Cartucho"
1,6/50 CARTUCHO NEGRO 41x24mm,62104,,107.93,"Insumo , Insumo , 6/50 , Cartucho"
1,6/511 CARTUCHO AZUL 85x55mm,35116,,247.05,"Insumo , Insumo , 6/511 , Cartucho"
1,6/511 CARTUCHO MCI 85x55mm,36618,,247.05,"Insumo , Insumo , 6/511 , Cartucho"
1,6/511 CARTUCHO NEGRO 85x55mm,35113,,247.05,"Insumo , Insumo , 6/511 , Cartucho"
1,6/511 CARTUCHO  ROJO  85X55mm,73000349,,247.05,"Insumo , Insumo , 6/511 , Cartucho"
1,6/511/2 CARTUCHO BIC 85X55mm,73000348,,431.72,"Insumo , Insumo , 6/511/2 , Cartucho"
1,6/512 CARTUCHO  AZUL 116x70mm,104309,,466.69,"Insumo , Insumo , 6/512 , Cartucho"
1,6/512 CARTUCHO MCI 116x70mm,104676,,466.69,"Insumo , Insumo , 6/512 , Cartucho"
1,6/52040 CARTUCHO NEGRO 40mm,73000351,,385.02,"Insumo , Insumo , 6/52040 , Cartucho"
1,6/52040 CARTUCHO  SIN TINTA  40mm,58519,,385.02,"Insumo , Insumo , 6/52040 , Cartucho"
1,6/53 CARTUCHO  FIELTRO  49x28mm,65762,,101.61,"Insumo , Insumo , 6/53 , Cartucho"
1,6/53 CARTUCHO MCI 49x28mm,4814,,119.06,"Insumo , Insumo , 6/53 , Cartucho"
1,6/53 CARTUCHO NEGRO 49x28mm,55660,,107.93,"Insumo , Insumo , 6/53 , Cartucho"
1,6/53/2 CARTUCHO BIC 49x28mm,74515,,186.94,"Insumo , Insumo , 6/53/2 , Cartucho"
1,6/53 CARTUCHO AZUL 49x28mm,83485,,107.93,"Insumo , Insumo , 6/53 , Cartucho"
1,6/55 CARTUCHO AZUL 68x24mm,81751,,153.58,"Insumo , Insumo , 6/55 , Cartucho"
1,6/55 CARTUCHO NEGRO 68x24mm,85347,,153.58,"Insumo , Insumo , 6/55 , Cartucho"
1,6/55 CARTUCHO SIN TINTA 68x24mm,81755,,153.58,"Insumo , Insumo , 6/55 , Cartucho"
1,6/56 CARTUCHO AZUL 56x33mm,55605,,129.07,"Insumo , Insumo , 6/56 , Cartucho"
1,6/56 CARTUCHO BIC SIN TINTA 56x33mm,73003,,227,"Insumo , Insumo , 6/56 , Cartucho"
1,6/56 CARTUCHO MCI 56x33mm,4815,,129.04,"Insumo , Insumo , 6/56 , Cartucho"
1,6/56 CARTUCHO NEGRO 56x33mm,55608,,129.04,"Insumo , Insumo , 6/56 , Cartucho"
1,6/56 CARTUCHO SIN TINTA 56x33mm,76575,,129.07,"Insumo , Insumo , 6/56 , Cartucho"
1,6/56 CARTUCHO VERDE 56x33mm,55606,,129.07,"Insumo , Insumo , 6/56 , Cartucho"
1,6/56 CARTUCHO BIC 56x33mm,72809,,227,"Insumo , Insumo , 6/56/2 , Cartucho"
1,6/57 CARTUCHO  AZUL 60x40mm,78049,,164.68,"Insumo , Insumo , 6/57 , Cartucho"
1,6/57 CARTUCHO MCI 60x40mm,4816,,164.68,"Insumo , Insumo , 6/57 , Cartucho"
1,6/57 CARTUCHO BIC 60x40mm,78053,,164.68,"Insumo , Insumo , 6/57 , Cartucho"
1,6/57/2 CARTUCHO BIC SIN TINTA 60x40mm,78484,,164.68,"Insumo , Insumo , 6/57 , Cartucho"
1,6/5756 CARTUCHO  NEGRO PAQ 5 PZAS,86627,,823.42,"Insumo , Insumo , 6/5756 , Cartucho"
1,6/5756 CARTUCHO  ROJO PAQ 5 PZAS,86628,,823.42,"Insumo , Insumo , 6/5756 , Cartucho"
1,6/58 CARTUCHO BIC 68x47mm,74521,,405.04,"Insumo , Insumo , 6/58 , Cartucho"
1,6/58 CARTUCHO AZUL 68x47mm,74517,,232.57,"Insumo , Insumo , 6/58 , Cartucho"
1,6/58 CARTUCHO  FIELTRO  68x47mm,73000135,,232.57,"Insumo , Insumo , 6/58 , Cartucho"
1,6/58 CARTUCHO MCI 68x47mm,4817,,232.57,"Insumo , Insumo , 6/58 , Cartucho"
1,6/58 CARTUCHO NEGRO 68x47mm,74516,,232.57,"Insumo , Insumo , 6/58 , Cartucho"
1,6/58 CARTUCHO ROJO 68x47mm,74518,,232.57,"Insumo , Insumo , 6/58 , Cartucho"
1,6/58 CARTUCHO SIN TINTA 68x47mm,78190,,232.57,"Insumo , Insumo , 6/58 , Cartucho"
1,6/58 CARTUCHO VERDE 68x47mm,74520,,232.57,"Insumo , Insumo , 6/58 , Cartucho"
1,6/8746 CARTUCHO NEGRO 59x38mm,124383,,115.6,"Insumo , Insumo , 6/8746 , Cartucho"
1,6/9411 CARTUCHO  MCI 38x14mm,19985,,106.22,"Insumo , Insumo , 6/9411 , Cartucho"
1,6/9411 CARTUCHO  NEGRO 38x14mm,73000361,,106.22,"Insumo , Insumo , 6/9411 , Cartucho"
1,6/9412 CARTUCHO  AZUL  47x18mm,73000364,,120.29,"Insumo , Insumo , 6/9412 , Cartucho"
1,6/9412 CARTUCHO MCI 47x18mm,19883,,120.29,"Insumo , Insumo , 6/9412 , Cartucho"
1,6/9412 CARTUCHO  NEGRO  47x18mm,73000363,,120.29,"Insumo , Insumo , 6/9412 , Cartucho"
1,6/9413 CARTUCHO  AZUL  58x22mm,73000368,,136.93,"Insumo , Insumo , 6/9413 , Cartucho"
1,6/9413 CARTUCHO MCI 58x22mm,34630,,136.93,"Insumo , Insumo , 6/9413 , Cartucho"
1,6/9413 CARTUCHO  NEGRO  58x22mm,73000367,,136.93,"Insumo , Insumo , 6/9413 , Cartucho"
1,6/9430 CARTUCHO  AZUL  30x30mm,73000374,,134.36,"Insumo , Insumo , 6/9430 , Cartucho"
1,6/9430 CARTUCHO  MCI 30x30mm,20022,,134.36,"Insumo , Insumo , 6/9430 , Cartucho"
1,6/9430 CARTUCHO NEGRO 30x30mm,73000373,,134.36,"Insumo , Insumo , 6/9430 , Cartucho"
1,6/9440 CARTUCHO MCI 40x40mm,73000380,,181.72,"Insumo , Insumo , 6/9440 , Cartucho"
1,6/9440 CARTUCHO NEGRO 40x40mm,73000377,,181.72,"Insumo , Insumo , 6/9440 , Cartucho"
1,6/9511 CARTUCHO AZUL 38x14mm,148851,,106.22,"Insumo , Insumo , 6/9511 , Cartucho"
1,6/9511 CARTUCHO NEGRO 38x14mm,148690,,106.22,"Insumo , Insumo , 6/9511 , Cartucho"
1,6/9511 CARTUCHO ROJO 38x14mm,148852,,106.22,"Insumo , Insumo , 6/9511 , Cartucho"
1,6/9511 CARTUCHO  SIN TINTA 38x14mm,148857,,106.22,"Insumo , Insumo , 6/9511 , Cartucho"
1,6/9511 CARTUCHO VERDE 38x14mm,148855,,106.22,"Insumo , Insumo , 6/9511 , Cartucho"
1,6/9512 CARTUCHO AZUL 47x18mm,148876,,120.29,"Insumo , Insumo , 6/9512 , Cartucho"
1,6/9512 CARTUCHO MCI 47x18mm,149208,,120.29,"Insumo , Insumo , 6/9512 , Cartucho"
1,6/9512 CARTUCHO  MORADO 47x18mm,148879,,120.29,"Insumo , Insumo , 6/9512 , Cartucho"
1,6/9512 CARTUCHO  ROJO 47x18mm,148877,,120.29,"Insumo , Insumo , 6/9512 , Cartucho"
1,6/9512 CARTUCHO  VERDE 47x18mm,148878,,120.29,"Insumo , Insumo , 6/9512 , Cartucho"
1,6/4924 CARTUCHO NEGRO 40x40mm,69806,,161.32,"Insumo , Insumo , 6/4924 , Cartucho"
1,6/4922 CARTUCHO NEGRO 20x20mm,69810,,104.6,"Insumo , Insumo , 6/4922 , Cartucho"
1,7012 TINTA MCI NEGRO 1L,4918,,7388.98,"Insumo , Insumo , 7012 , Tinta"
1,7012 TINTA MCI 1L AZUL,4915,,7388.98,"Insumo , Insumo , 7012 , Tinta"
1,7012 TINTA MCI AMARILLO SEÑALES 28ml,39442,,195.23,"Insumo , Insumo , 7012 , Tinta"
1,7012 TINTA MCI AMARILLO ZINC 28ml,15427,,195.23,"Insumo , Insumo , 7012 , Tinta"
1,7012 TINTA  MCI AZUL LUMINOSO 28ml,39443,,195.23,"Insumo , Insumo , 7012 , Tinta"
1,7012 TINTA MCI AZUL CELESTE 28ml,39445,,195.23,"Insumo , Insumo , 7012 , Tinta"
1,7012 TINTA  MCI GRIS CLARO 28ml,39447,,195.23,"Insumo , Insumo , 7012 , Tinta"
1,7012 TINTA MCI MARRON/ANARANJADO 28ml,15428,,195.23,"Insumo , Insumo , 7012 , Tinta"
1,7012 TINTA MCI NARANJA INTENSO 28ml,31372,,195.23,"Insumo , Insumo , 7012 , Tinta"
1,7012 TINTA MCI PURPURA 28ml,39441,,195.23,"Insumo , Insumo , 7012 , Tinta"
1,7012 TINTA MCI ROJO CARMIN 28ml,39444,,195.23,"Insumo , Insumo , 7012 , Tinta"
1,7012 TINTA MCI VERDE AMARILLENTO 28ml,39446,,195.23,"Insumo , Insumo , 7012 , Tinta"
1,7021 TINTA MORADA 25ml,73000393,,359.52,"Insumo , Insumo , 7021 , Tinta"
1,7021 TINTA AZUL 25ml,73479,,359.52,"Insumo , Insumo , 7021 , Tinta"
1,7021 TINTA ROJO 25ml,73480,,359.52,"Insumo , Insumo , 7021 , Tinta"
1,7021 TINTA VERDE 25ml,73482,,359.52,"Insumo , Insumo , 7021 , Tinta"
1,7021 TINTA  BLANCO 25ml,73481,,375.87,"Insumo , Insumo , 7021 , Tinta"
1,7021 TINTA NEGRO 25ml,73478,,375.87,"Insumo , Insumo , 7021 , Tinta"
1,7711 TINTA IMPRINT  AZUL  24ml,143657,,121.21,"Insumo , Insumo , 7711 , Imprint"
1,7711 TINTA IMPRINT  NEGRO 24ml,143656,,121.21,"Insumo , Insumo , 7711 , Imprint"
1,7750 TINTA TEXTIL NEGRO 28ml,142557,,539.43,"Insumo , Insumo , 7750 , Tinta"
1,6/5756 CARTUCHO NEGRO 10x30mm,73000358,,237.52,"Insumo , Insumo , 6/5756 , Cartucho"
1,HULE LASER CLASSICO 210x297mm-1.5mm,73000395,,1010.25,"Insumo , Insumo , Clásico , Hule"
1,HULE AERO GRIS PERLA 210x297x5mm,73000034,,2426.11,"Insumo , Insumo , Aero , Hule"
1,HULE LASER AERO 210x297mm-2.3mm,73000473,,1268.13,"Insumo , Insumo , Aero , Hule"
1,9071 ALMOHADILLA METAL NEGRO 90X56mm,153585,,108.78,"Insumo , Imprint , 9071 , Almohadilla"
1,9072 ALMOHADILLA METAL NEGRO 110x70mm,143661,,139.86,"Insumo , Imprint , 9072 , Almohadilla"
1,9073 ALMOHADILLA METAL  NEGRO 125X80mm,143666,,214.46,"Insumo , Imprint , 9073 , Almohadilla"
1,9074 ALMOHADILLA METAL  NEGRO 160x90mm,153593,,307.7,"Insumo , Imprint , 9074 , Almohadilla"
1,IDEAL IBOOSTER 1kg,99068,,862.97,"Insumo , Insumo , ADITIVO , Insumo"
1,9051 ALMOHADILLA AZUL 90x50mm,56332,,153.96,"Insumo , Insumo , 9051 , Almohadilla"
1,9051 ALMOHADILLA FIELTRO 90x50mm,56337,,153.96,"Insumo , Insumo , 9051 , Almohadilla"
1,9051 ALMOHADILLA NEGRO 90x50mm,56335,,153.96,"Insumo , Insumo , 9051 , Almohadilla"
1,9051 ALMOHADILLA ROJO  90x50mm,56334,,153.96,"Insumo , Insumo , 9051 , Almohadilla"
1,9052 ALMOHADILLA AZUL 110x70mm,56344,,213.28,"Insumo , Insumo , 9052 , Almohadilla"
1,9052 ALMOHADILLA MORADA 110x70mm,56348,,213.28,"Insumo , Insumo , 9052 , Almohadilla"
1,9052 ALMOHADILLA NEGRO 110x70mm,56347,,222.97,"Insumo , Insumo , 9052 , Almohadilla"
1,9052 ALMOHADILLA ROJO 110x70mm,56346,,213.28,"Insumo , Insumo , 9052 , Almohadilla"
1,9052 ALMOHADILLA FIELTRO 110x70mm,56349,,213.28,"Insumo , Insumo , 9052 , Almohadilla"
1,9052 ALMOHADILLA VERDE 110x70mm,56345,,213.28,"Insumo , Insumo , 9052 , Almohadilla"
1,9053 ALMOHADILLA AZUL 160x90mm,56360,,450.81,"Insumo , Insumo , 9053 , Almohadilla"
1,9053 ALMOHADILLA MORADA 160x90mm,56364,,450.81,"Insumo , Insumo , 9053 , Almohadilla"
1,9053 ALMOHADILLA NEGRO 160x90mm,56363,,450.81,"Insumo , Insumo , 9053 , Almohadilla"
1,9053 ALMOHADILLA ROJO 160x90mm,56362,,450.81,"Insumo , Insumo , 9053 , Almohadilla"
1,9053 ALMOHADILLA  FIELTRO 160x90mm,56365,,450.81,"Insumo , Insumo , 9053 , Almohadilla"
1,9053 ALMOHADILLA VERDE 160x90mm,56361,,450.81,"Insumo , Insumo , 9053 , Almohadilla"
1,9094 ALMOHADILLA DACTILAR NEGRO 45mm,31119,,247.81,"Insumo , Insumo , 9094 , Almohadilla"
1,5mm de A-M BANDA NUMERADOR,58105,,175.92,"Insumo , Insumo , TRD05AM , Insumo"
1,DENSIFICADOR TONER IMPRESORA LASER 400ML,9459,,3756.39,"Insumo , Insumo , Densificador , Insumo"
1,ETIQUETAS DORADAS  250 PZAS,73000053,,3800.37,"Insumo , Insumo , EDTPAQ (250) , Insumo"
1,PAQUETE (40) ETIQUETAS DORADAS,73000102,,608.06,"Insumo , Insumo , EDTPAQ(40) , Insumo"
1,IDEAL FOTOPOLIMERO i50R 1kg,90418,,1708.99,"Insumo , Ideal , i50R , Polimero"
1,IDEAL FOTOPOLIMERO i50 PLUS 1kg,90447,,1708.99,"Insumo , Ideal , i50 PLUS , Polimero"
1,IDEAL FOTOPOLIMERO i40 PLUS 1kg,90451,,1708.99,"Insumo , Ideal , i40 PLUS , Polimero"
1,HULE LASER CLASSICO 210x297x2.3mm,34248,,851.3,"Insumo , Insumo , Clásico , Hule"
1,IDEAL ILW DETERGENTE LIQUIDO 1kg,99044,,1478.44,"Insumo , Ideal , ILW , Insumo"
1,INSTAPLATE IDEAL AZUL A7 (102x63mm),90313,,2061.9,"Insumo , Insumo , A7 , Insumo"
1,INSTAPLATE IDEAL AZUL A8 (65x48mm),90314,,2189.57,"Insumo , Insumo , A8 , Insumo"
1,INSTAPLATE IDEAL AZUL A9 20pzs (52x37mm),78398,,2082.54,"Insumo , Insumo , A9 , Insumo"
1,PELICULA VELLUM LASER 210X297MM 100PZS,56123,,7479.92,"Insumo , Insumo , Vellum , Insumo"
1,PELICULA VELLUM TINTA 210X297MM 100PZS,56104,,7479.92,"Insumo , Insumo , Vellum , Insumo"
1,PORTAPLACA  CAJA 5 PZAS 41mm,70103,,1822.41,"Insumo , Insumo , Portaplaca , Insumo"
1,PORTAPLACA  CAJA 5 PZAS 51mm,70104,,1897.1,"Insumo , Insumo , Portaplaca , Insumo"
1,ROLLO DE HULE ESPUMA  30 M x 2.3mm,73000023,,708,"Insumo , Insumo , SG0007 , Hule"
1,DESPACHADOR DE PLIOFILM,73000028,,2325.93,"Insumo , Insumo , SG0013 , Insumo"
1,STAMPMAKER 110 V KIT,73000038,,12498.21,"Insumo , Insumo , Stampmaker , Insumo"
1,1014 SUSTRATO 50 HOJAS 27x35.6cm,95408,,6068.44,"Insumo , Insumo , 1014 , Insumo"
1,95408 SUSTRATO PIEZA 27x35.6cm,73000056,,134.85,"Insumo , Insumo , 95408-18 , Insumo"
1,7011 TINTA AZUL 28ml,55883,,242.14,"Insumo , Insumo , 7011 , Tinta"
1,7011 TINTA MORADA 28ml,55887,,242.14,"Insumo , Insumo , 7011 , Tinta"
1,7011 TINTA NEGRO 28ml,55886,,242.14,"Insumo , Insumo , 7011 , Tinta"
1,7011 TINTA ROJO 28ml,55885,,242.14,"Insumo , Insumo , 7011 , Tinta"
1,7011 TINTA VERDE 28ml,55884,,242.14,"Insumo , Insumo , 7011 , Tinta"
1,3 mm de A-M BANDA NUMERADOR,73000149,,78.72,"Insumo , Insumo , TRD03AM , Insumo"
1,3 mm de N-Z BANDA NUMERADOR,73000435,,78.72,"Insumo , Insumo , TRD03NZ , Insumo"
1,4 mm de A-M BANDA NUMERADOR,73000436,,87.77,"Insumo , Insumo , TRD04AM , Insumo"
1,4 mm de N-Z BANDA NUMERADOR,73000437,,87.77,"Insumo , Insumo , TRD04NZ , Insumo"
1,5 mm de N-Z BANDA NUMERADOR,73000151,,175.92,"Insumo , Insumo , TRD05NZ , Insumo"
1,7 mm de A-M BANDA NUMERADOR,73000152,,285.89,"Insumo , Insumo , TRD07AM , Insumo"
1,7 mm de N-Z BANDA NUMERADOR,73000438,,285.89,"Insumo , Insumo , TRD07NZ , Insumo"
1,9 mm de N-Z BANDA NUMERADOR,73000440,,307.92,"Insumo , Insumo , TRD09NZ , Insumo"
1,12 mm de A-M BANDA NUMERADOR,73000442,,329.87,"Insumo , Insumo , TRD12AM , Insumo"
1,18 mm de A-M BANDA NUMERADOR,73000156,,642.72,"Insumo , Insumo , TRD18AM , Insumo"
1,18 mm de N-Z BANDA NUMERADOR,73000157,,642.72,"Insumo , Insumo , TRD18NZ , Insumo"
1,IDEAL CINTA PROTECTORA PLIOFILM 122m30cm,177595,,6129.35,"Insumo , Insumo , Pliofilm , Insumo"
1,iPXC ADITIVO LIQUIDO 1KG,99070,,1843.93,"Insumo , Ideal , iPXC LIQ , Insumo"
1,iPXC ADITIVO SAL 350G,99069,,1843.93,"Insumo , Ideal , iPXC SAL , Insumo"
1,15128 NUMERADOR MANUAL 12mm 8 BANDAS,3725,,2495.23,"Fechador , Classico , 15128 , Numerador"
1,2910 FECHADOR MANUAL P02 51x38mm,73040,,715.49,"Fechador , Classico , 2910 , Fechador"
1,2910 FECHADOR MANUAL P07 60x40mm,73065,,715.49,"Fechador , Classico , 2910 , Fechador"
1,2910 FECHADOR MANUAL P08 64x45mm,73532,,715.49,"Fechador , Classico , 2910 , Fechador"
1,2910 FECHADOR MANUAL P10 70x50mm,73071,,715.49,"Fechador , Classico , 2910 , Fechador"
1,2910 FECHADOR MANUAL P20 67x44mm,73534,,627.87,"Fechador , Classico , 2910 , Fechador"
1,2910 FECHADOR MANUAL P30 51mm,73535,,715.49,"Fechador , Classico , 2910 , Fechador"
1,2910 FECHADOR MANUAL U24 50mm,73537,,1543.67,"Fechador , Classico , 2910 , Fechador"
1,46140U24 PRINTY FECH 3.0 ROJO C.N 40mm,73000168,,1466.32,"Fechador , Printy , 46140U24 , 3"
1,46145 PRINTY FECH 3.0 C.ROJO C.NEG 45mm,58202,,874.71,"Fechador , Printy , 46145 , 3"
1,46145 PRINTY FECH 3.0 C.ROJO C.BIC 45mm,15992,,874.71,"Fechador , Printy , 46145 , 3"
1,4724 PRINTY FECH P2 NEGRO C.AZUL 40x40mm,71203,,914.58,"Fechador , Printy , 4724 , 2"
1,4724 PRINTY FECH MES ING C.N BIC 40x40mm,39263,,914.58,"Fechador , Printy , 4724 , 2"
1,4724 PRINTY FECH P2 C.NEG C.BIC 40x40mm,178053,,839.06,"Fechador , Printy , 4724 , 4"
1,4724 PRINTY FECH P2 C.NEG C.NEG 40x40mm,178073,,839.06,"Fechador , Printy , 4724 , 4"
1,4726 PRINTY FECH P2 C.NEG C.NEG 75x38mm,167595,,1106.08,"Fechador , Printy , 4726 , 2"
1,4726 PRINTY FECH P2 C.NEG C.BIC 75x38mm,167598,,1106.08,"Fechador , Printy , 4726 , 2"
1,4727 PRINTY FECH 4.0 C.NEG C.NEG 60x40mm,187999,,1153.31,"Fechador , Printy , 4727 , 4"
1,4727 PRINTY FECH 4.0 C.NEG C.BIC 60x40mm,188056,,1153.31,"Fechador , Printy , 4727 , 4"
1,4727 PRINTY FECH 4.0 C.N BIC N/R 60x40mm,188057,,1153.31,"Fechador , Printy , 4727 , 4"
1,4729 PRINTY FECH 3.0 ROJO C.AZUL 50x30mm,5618,,984.65,"Fechador , Printy , 4729 , 3"
1,4729 PRINTY FECH 3.0 ROJO C.ROJO 50x30mm,53373,,984.65,"Fechador , Printy , 4729 , 3"
1,4730 PRINTY FECH 4.0 C.NEG C.BIC 56x33mm,188042,,1037.69,"Fechador , Printy , 4730 , 4"
1,4730 PRINTY FECH 4.0 C.NEG C.NEG 56x33mm,188005,,1037.69,"Fechador , Printy , 4730 , 4"
1,4730 PRINTY FECH 4.0 C.N BIC N/R 56x33mm,188040,,1037.69,"Fechador , Printy , 4730 , 4"
1,4731 PRINTY FECH 3.0 ROJO C.NEG 70x30mm,34496,,1195.99,"Fechador , Printy , 4731 , 3"
1,4750 PRINTY FECH 4.0 C.NEG C.BIC 41x24mm,141072,,938.25,"Fechador , Printy , 4750 , 4"
1,4750 PRINTY FECH 4.0 C.NEG C.NEG 41x24mm,141068,,938.25,"Fechador , Printy , 4750 , 4"
1,4750 PRINTY FECH 2.0 C.NEG C.NEG 41x24mm,59979,,938.25,"Fechador , Printy , 4750 , 2"
1,4813/PL PRINTY FECH 4.0 C.NEG C.N 26x9mm,81436,,578.68,"Fechador , Printy , 4813 , Formulario"
1,4817 PRINTY BD FORMU+FECH 4.0 C.NEG C.N,78689,,,"Fechador , Printy , 4817 , Formulario"
1,4817 PRINTY FECH+FORMU 2.0 C.N C.N 3.8mm,80366,,698.59,"Fechador , Printy , 4817 , Formulario"
1,4820 PRINTY FECHADOR 4mm,73932,,488.79,"Fechador , Printy , 4820 , Fechador"
1,4846 PRINTY NUM 2.0 C.N C.N 6 DIG 4mm,73558,,581.5,"Fechador , Printy , 4846 , Numerador"
1,4850/PL PRINTY FECH 4.0 C.NEG C.N 25X5mm,77668,,642.41,"Fechador , Printy , 4850 , 4"
1,5117 PROF FORMU+FECH 4.0 METAL C.NEG 4mm,131611,,3682.76,"Fechador , Professional , 5117 , Formulario"
1,54045 PROF FECH 4.0 METAL C.BIC 45mm,151217,,2514.05,"Fechador , Professional , 54045 , 4"
1,54045 PROF FECH 4.0 METAL C. NEGRO 45mm,151216,,2514.04,"Fechador , Professional , 54045 , 4"
1,54110 PROF FECH 3.0 NEGRO C.NEG 85x55mm,35058,,3809.82,"Fechador , Professional , 54110 , 3"
1,54120 PROF FECH 3.0 NEGRO C.NEG 116x70mm,104111,,5762.55,"Fechador , Professional , 54120 , 3"
1,5430 PROF 4.0 METAL C.NEGRO 41x24mm,121386,,1690.68,"Fechador , Professional , 5430 , 4"
1,5431 PROF 4.0 METAL C.NEGRO 41x24mm,130464,,1839.25,"Fechador , Professional , 5431 , 4"
1,5440 PROF 4.0 METAL C.BIC 49x28mm,131681,,1917.8,"Fechador , Professional , 5440 , 4"
1,5440 PROF FECH 4.0 METAL C.NEGRO 49x28mm,120487,,1917.8,"Fechador , Professional , 5440 , 4"
1,5460 PROF 4.0 METAL C.BIC 56x33mm,120389,,2204.3,"Fechador , Professional , 5460 , 4"
1,5460 PROF FECH 4.0 METAL C.NEG 56x33mm,120363,,2204.3,"Fechador , Professional , 5460 , 4"
1,5466/PL PROF DOBLE FECH 4.0 MET 56x33mm,120210,,5526.47,"Fechador , Professional , 5466/PL , 4"
1,5474 PROF FECH 4.0 C.NEGRO C.BIC 60x40mm,141199,,2323.09,"Fechador , Professional , 5474 , 4"
1,5474 PROF FECH 4.0 NEGRO C.NEGRO 60x40mm,141298,,2323.09,"Fechador , Professional , 5474 , 4"
1,5480 PROF FECH 4.0 METAL C.NEGRO 68x47mm,141158,,2861.4,"Fechador , Professional , 5480 , 4"
1,5480 PROF FECH 4.0 METAL C.BIC 68x47mm,141108,,2861.4,"Fechador , Professional , 5480 , 4"
1,5546 PROF NUM 4.0 METAL C.N 6 BANDAS-4mm,120454,,1639.64,"Fechador , Professional , 5546 , Numerador"
1,55460 PROF FECH+NUM 4.0 METAL C.NEG 4mm,146209,,2682.89,"Fechador , Professional , 55460 , 4"
1,55460/PL PROF FECH+NUM 4.0 MET 56x33mm,145832,,3025.11,"Fechador , Professional , 55460 , 4"
1,55510 PROF NUM 4.0 METAL C.NEGRO 56x33mm,120202,,2273.21,"Fechador , Professional , 55510 , 4"
1,55510/PL PROF NUM 4.0 METAL C.NEG56x33mm,120205,,2925.73,"Fechador , Professional , 55510/PL , Numerador"
1,55512 PROF NUM 12 BANDAS 4.0 METAL C.NEG,140274,,3396.06,"Fechador , Professional , 55512 , Numerador"
1,5558 PROF NUM 4.0 METAL C. NEGRO 56x33mm,120198,,2113.06,"Fechador , Professional , 5558 , 4"
1,5558/PL PROF 4.0 METAL C.NEGRO 56x33mm,120204,,2588.37,"Fechador , Professional , 5558/PL , 4"
1,5756 FOLIADOR AUTO METAL C.NEGRO 5.5mm,86624,,4410.94,"Fechador , Classico , 5756 , Foliador"
1,5756 FOLI AUTOMATIC PLASTICO/METAL 5.5mm,86621,,3967.35,"Fechador , Classico , 5756 , Foliador"
1,1000 FECHADOR MANUAL 3mm,54110,,174.35,"Fechador , Classico , 1000 , Fechador"
1,1004 FECHADOR MANUAL 3mm,54112,,170.92,"Fechador , Classico , 1004 , Fechador"
1,1010 FECHADOR MANUAL 4mm,54191,,176,"Fechador , Classico , 1010 , Fechador"
1,1010 FECHADOR MANUAL MA 4mm,54178,,195.53,"Fechador , Classico , 1010 , Fechador"
1,1014 FECHADOR MANUAL 4mm,54216,,195.53,"Fechador , Classico , 1014 , Fechador"
1,1020 FECHADOR MANUAL 5mm,54248,,275.21,"Fechador , Classico , 1020 , Fechador"
1,1020 FECHADOR MANUAL ISO 5mm,54236,,275.21,"Fechador , Classico , 1020 , Fechador"
1,1020 FECHADOR MANUAL MA 5mm,54241,,275.21,"Fechador , Classico , 1020 , Fechador"
1,1030 FECHADOR MANUAL 9mm,56787,,622.82,"Fechador , Classico , 1030 , Fechador"
1,1117 FORMULARIO + FECHADOR MANUAL 4mm,54357,,466.54,"Fechador , Classico , 1117 , Formulario"
1,46119 PRINTY FECH 3.0 C.ROJO C.NEG 19mm,10839,,549.48,"Fechador , Printy , 46119 , Fechador"
1,46125 PRINTY FECH 3.0 C.ROJO C.NEG 25mm,10846,,622.76,"Fechador , Printy , 46125 , Fechador"
1,46130 PRINTY FECH 3.0 C.ROJO C.NEG 30mm,90855,,637.1,"Fechador , Printy , 46130 , 3"
1,46140 PRINTY FECH 3.0 C.ROJO C.NEG 40mm,90862,,782.61,"Fechador , Printy , 46140 , 3"
1,15124 NUMERADOR MANUAL 12mm 4 BANDAS,3724,,1778.46,"Fechador , Classico , 15124 , Numerador"
1,15126 NUMERADOR MANUAL 12mm 6 BANDAS,54995,,2000.2,"Fechador , Classico , 15126 , Numerador"
1,151510 NUMERADOR MANUAL 15mm 10 BANDAS,40248,,3129.05,"Fechador , Classico , 151510 , Numerador"
1,15154 NUMERADOR MANUAL 15mm 4 BANDAS,3722,,1778.46,"Fechador , Classico , 15154 , Numerador"
1,15156 NUMERADOR MANUAL 15mm 6 BANDAS,55020,,2000.18,"Fechador , Classico , 15156 , Numerador"
1,15158 NUMERADOR MANUAL 15mm 8 BANDAS,3721,,2495.24,"Fechador , Classico , 15158 , Numerador"
1,151810 NUMERADOR MANUAL 18mm 10 BANDAS,3709,,3294.86,"Fechador , Classico , 151810 , Numerador"
1,15184 NUMERADOR MANUAL 18mm 4 BANDAS,55037,,1937.53,"Fechador , Classico , 15184 , Numerador"
1,15186 NUMERADOR MANUAL 18mm 6 BANDAS,55043,,2145.8,"Fechador , Classico , 15186 , Numerador"
1,15188 NUMERADOR MANUAL 18mm 8 BANDAS,3720,,2802.96,"Fechador , Classico , 15188 , Numerador"
1,15310 NUMERADOR MANUAL 3mm 10 BANDAS,54814,,554.91,"Fechador , Classico , 15310 , Numerador"
1,15312 NUMERADOR MANUAL 3mm 12 BANDAS,54818,,702.58,"Fechador , Classico , 15312 , Numerador"
1,15320 NUMERADOR MANUAL 3mm 20 BANDAS,3726,,1346.66,"Fechador , Classico , 15320 , Numerador"
1,1534 NUMERADOR MANUAL 3mm 4 BANDAS,54798,,250.13,"Fechador , Classico , 1534 , Numerador"
1,1536 NUMERADOR MANUAL 3mm 6 BANDAS,54805,,275.78,"Fechador , Classico , 1536 , Numerador"
1,1538 NUMERADOR MANUAL 3mm 8 BANDAS,86109,,366.45,"Fechador , Classico , 1538 , Numerador"
1,15410 NUMERADOR MANUAL 4mm 10 BANDAS,54857,,586.37,"Fechador , Classico , 15410 , Numerador"
1,15412 NUMERADOR MANUAL 4mm 12 BANDAS,54862,,760.67,"Fechador , Classico , 15412 , Numerador"
1,1544 NUMERADOR MANUAL 4mm 4 BANDAS,54835,,261.42,"Fechador , Classico , 1544 , Numerador"
1,1546 NUMERADOR MANUAL 4mm 6 BANDAS,54844,,281.58,"Fechador , Classico , 1546 , Numerador"
1,1548 NUMERADOR MANUAL 4mm 8 BANDAS,86110,,381.97,"Fechador , Classico , 1548 , Numerador"
1,15510 NUMERADOR MANUAL 5mm 10 BANDAS,54900,,658.93,"Fechador , Classico , 15510 , Numerador"
1,15512 NUMERADOR MANUAL 5mm 12 BANDAS,54905,,842.92,"Fechador , Classico , 15512 , Numerador"
1,15514 NUMERADOR MANUAL 5mm 14 BANDAS,3723,,970.43,"Fechador , Classico , 15514 , Numerador"
1,1554 NUMERADOR MANUAL 5mm 4 BANDAS,73000153,,288.1,"Fechador , Classico , 1554 , Numerador"
1,1556 NUMERADOR MANUAL 5mm 6 BANDAS,54886,,329.09,"Fechador , Classico , 1556 , Numerador"
1,1558 NUMERADOR MANUAL 5mm 8 BANDAS,86111,,434.21,"Fechador , Classico , 1558 , Numerador"
1,15710 NUMERADOR MANUAL 7mm 10 BANDAS,95043,,1337.1,"Fechador , Classico , 15710 , Numerador"
1,15712 NUMERADOR MANUAL 7mm 12 BANDAS,54947,,1546.07,"Fechador , Classico , 15712 , Numerador"
1,1574 NUMERADOR MANUAL 8mm 4 BANDAS,54928,,610.91,"Fechador , Classico , 1574 , Numerador"
1,1576 NUMERADOR MANUAL 7mm 6 BANDAS,54936,,676.72,"Fechador , Classico , 1576 , Numerador"
1,1578 NUMERADOR MANUAL 7mm 8 BANDAS,86112,,892.7,"Fechador , Classico , 1578 , Numerador"
1,15910 NUMERADOR MANUAL 9mm 10 BANDAS,54975,,1386.51,"Fechador , Classico , 15910 , Numerador"
1,15912 NUMERADOR MANUAL 9mm 12 BANDAS,54979,,1693.69,"Fechador , Classico , 15912 , Numerador"
1,1594 NUMERADOR MANUAL 9mm 4 BANDAS,54958,,620.01,"Fechador , Classico , 1594 , Numerador"
1,1596 NUMERADOR MANUAL 9mm 6 BANDAS,54966,,696.77,"Fechador , Classico , 1596 , Numerador"
1,1598 NUMERADOR MANUAL 9mm 8 BANDAS,86113,,932.45,"Fechador , Classico , 1598 , Numerador"
1,46130 PRINTY FECH 3.0 C.ROJO C.BIC 30mm,55939,,666.05,"Fechador , Printy , 46130 , 3"
1,46140 PRINTY FECH 3.0 C.ROJO C. BIC 40mm,55936,,782.61,"Fechador , Printy , 46140 , 3"
1,4729 PRINTY FECH 3.0 ROJO C.NEG 50x30mm,3599,,984.64,"Fechador , Printy , 4729 , 3"
1,4729 PRINTY FECH 3.0 C.R BIC N/R 50x30mm,146508,,984.65,"Fechador , Printy , 4729 , 3"
1,4729 PRINTY FECH 3.0 ROJO C.BIC 50x30mm,15198,,984.65,"Fechador , Printy , 4729 , 3"
1,4731 PRINTY FECH 3.0 ROJO C.BIC 70x30mm,55938,,1195.99,"Fechador , Printy , 4731 , 3"
1,4810 PRINTY MINI FECH 4.0 C.N C.N 3.8mm,70382,,384.49,"Fechador , Printy , 4810 , Fechador"
1,48313 PRINTY NUM 2.0 C.N C.N 13DIG 3.8mm,86548,,818.99,"Fechador , Printy , 48313 , Numerador"
1,4836 PRINTY NUM 2.0 C.N C.N 6 DIG 3.8mm,86547,,343.9,"Fechador , Printy , 4836 , Numerador"
1,4724 PRINTY FECHADOR D/M/A C.NEGRO 2.0,92186,,914.58,"Fechador , Printy , 4724 , 2"
1,54140 PROF FECH 3.0 NEGRO C. NEGRO 40mm,56927,,2453.98,"Fechador , Professional , 54140 , 3"
1,5465 PROF TYPO FECH 4.0 M C.BIC 56x33mm,73000186,,3063.41,"DIY , Professional , 5465 , 4"
1,4727 PRINTY TYPO 3.0 AZUL C.BIC 60x40mm,58269,,2697.21,"DIY , Printy , 4727 , 3"
1,4929 PRINTY TYPO 3.0 AZUL C.NEG 50x30mm,43714,,971.54,"DIY , Printy , 4929 , 3"
1,6003 TYPO CARACTERES 3mm,2614,,626.69,"DIY , Insumo , 6003 , Insumo"
1,6004 TYPO CARACTERES 4mm,2579,,626.69,"DIY , Insumo , 6004 , Insumo"
1,4927 PRINTY TYPO 3.0 AZUL C.N 60x40mm,43636,,1525.09,"DIY , Printy , 4927 , 3"
1,4928 PRINTY TYPO 3.0 AZUL C.NEG 60x33mm,44099,,985.68,"DIY , Printy , 4928 , 3"
1,4931 PRINTY TYPO 3.0 AZUL C.NEG 70x30mm,35032,,1554.58,"DIY , Printy , 4931 , 3"
1,4911 PRINTY TYPO 4.0 AZUL C.NEG 38x14mm,43196,,907.97,"DIY , Printy , 4911 , 4"
1,4911 PRINTY TYPO TEX 4.0 C.R C.N 38x14mm,43228,,1044.4,"DIY , Printy , 4911 , 4"
1,4912 PRINTY TYPO 4.0 AZUL C.NEG 47x18mm,43197,,1074.68,"DIY , Printy , 4912 , 4"
1,4913 PRINTY TYPO 4.0 AZUL C.NEG 58x22mm,43198,,1355.16,"DIY , Printy , 4913 , 4"
1,5435 PROF TYPO 4.0 METAL 5 BANDAS41x24mm,122356,,2979.81,"DIY , Professional , 5435 , 4"
1,7012 TINTA MCI ROSA INTENSO 28ml,159975,,,"Insumo , Insumo , 7012 , Tinta"
1,9054 ALMOHADILLA NEGRA 210x148mm,151782,,,"Insumo , Insumo , 9054 , Insumo"
